,name,positions,age,team,games_played,games_started,minutes_played,made_field_goals,attempted_field_goals,fg_percentage,made_three_point_field_goals,attempted_three_point_field_goals,three_point_percentage,made_free_throws,attempted_free_throws,free_throw_percentage,offensive_rebounds,defensive_rebounds,assists,steals,blocks,turnovers,personal_fouls,points,ppg
0,Precious Achiuwa,[<Position.CENTER: 'CENTER'>],23,Team.TORONTO_RAPTORS,55,12,1140,196,404,0.485,29,108,0.269,87,124,0.702,100,228,50,31,30,59,102,508,9.2
1,Steven Adams,[<Position.CENTER: 'CENTER'>],29,Team.MEMPHIS_GRIZZLIES,42,42,1133,157,263,0.597,0,1,0.0,47,129,0.364,214,271,97,36,46,79,98,361,8.6
2,Bam Adebayo,[<Position.CENTER: 'CENTER'>],25,Team.MIAMI_HEAT,75,75,2598,602,1114,0.54,1,12,0.083,324,402,0.806,184,504,240,88,61,187,208,1529,20.4
3,Ochai Agbaji,[<Position.SHOOTING_GUARD: 'SHOOTING GUARD'>],22,Team.UTAH_JAZZ,59,22,1209,165,386,0.427,81,228,0.355,56,69,0.812,43,78,67,16,15,41,99,467,7.9
4,Santi Aldama,[<Position.POWER_FORWARD: 'POWER FORWARD'>],22,Team.MEMPHIS_GRIZZLIES,77,20,1682,247,525,0.47,94,266,0.353,108,144,0.75,85,286,97,45,48,60,143,696,9.0
5,Nickeil Alexander-Walker,[<Position.SHOOTING_GUARD: 'SHOOTING GUARD'>],24,Team.UTAH_JAZZ,36,3,528,83,170,0.488,35,87,0.402,27,39,0.692,8,51,76,24,14,45,58,228,6.3
6,Nickeil Alexander-Walker,[<Position.SHOOTING_GUARD: 'SHOOTING GUARD'>],24,Team.MINNESOTA_TIMBERWOLVES,23,0,356,48,125,0.384,26,72,0.361,13,21,0.619,7,35,32,8,7,10,30,135,5.9
7,Grayson Allen,[<Position.SHOOTING_GUARD: 'SHOOTING GUARD'>],27,Team.MILWAUKEE_BUCKS,72,70,1972,245,557,0.44,146,366,0.399,114,126,0.905,61,176,163,62,14,72,117,750,10.4
8,Jarrett Allen,[<Position.CENTER: 'CENTER'>],24,Team.CLEVELAND_CAVALIERS,68,68,2220,403,626,0.644,1,10,0.1,162,221,0.733,221,445,113,54,84,93,153,969,14.2
9,Jose Alvarado,[<Position.POINT_GUARD: 'POINT GUARD'>],24,Team.NEW_ORLEANS_PELICANS,61,10,1310,201,489,0.411,83,247,0.336,65,80,0.812,28,113,186,67,10,81,125,550,9.0
10,Kyle Anderson,[<Position.POWER_FORWARD: 'POWER FORWARD'>],29,Team.MINNESOTA_TIMBERWOLVES,69,46,1957,252,495,0.509,43,105,0.41,100,136,0.735,66,302,335,78,63,103,146,647,9.4
11,Giannis Antetokounmpo,[<Position.POWER_FORWARD: 'POWER FORWARD'>],28,Team.MILWAUKEE_BUCKS,63,63,2024,707,1278,0.553,47,171,0.275,498,772,0.645,137,605,359,52,51,246,197,1959,31.1
12,Thanasis Antetokounmpo,[<Position.POWER_FORWARD: 'POWER FORWARD'>],30,Team.MILWAUKEE_BUCKS,37,0,206,20,46,0.435,0,8,0.0,11,22,0.5,15,29,15,3,3,12,22,51,1.4
13,Cole Anthony,[<Position.POINT_GUARD: 'POINT GUARD'>],22,Team.ORLANDO_MAGIC,60,4,1552,277,610,0.454,75,206,0.364,152,170,0.894,47,241,235,37,31,91,158,781,13.0
14,OG Anunoby,[<Position.SMALL_FORWARD: 'SMALL FORWARD'>],25,Team.TORONTO_RAPTORS,67,67,2386,421,885,0.476,142,367,0.387,140,167,0.838,95,237,131,128,50,132,200,1124,16.8
15,Ryan Arcidiacono,[<Position.POINT_GUARD: 'POINT GUARD'>],28,Team.NEW_YORK_KNICKS,11,0,26,1,5,0.2,1,3,0.333,0,0,,0,4,2,2,0,1,3,3,0.3
16,Ryan Arcidiacono,[<Position.POINT_GUARD: 'POINT GUARD'>],28,Team.PORTLAND_TRAIL_BLAZERS,9,4,146,8,32,0.25,7,20,0.35,0,0,,0,11,21,3,0,6,14,23,2.6
17,Deni Avdija,[<Position.SMALL_FORWARD: 'SMALL FORWARD'>],22,Team.WASHINGTON_WIZARDS,76,40,2020,253,579,0.437,69,232,0.297,122,165,0.739,74,413,211,65,29,123,209,697,9.2
18,Deandre Ayton,[<Position.CENTER: 'CENTER'>],24,Team.PHOENIX_SUNS,67,67,2035,522,887,0.589,7,24,0.292,152,200,0.76,172,495,115,37,53,120,190,1203,18.0
19,Udoka Azubuike,[<Position.CENTER: 'CENTER'>],23,Team.UTAH_JAZZ,36,4,359,59,72,0.819,0,0,,7,20,0.35,31,88,11,6,15,18,34,125,3.5
20,Marvin Bagley III,[<Position.CENTER: 'CENTER'>],23,Team.DETROIT_PISTONS,42,25,990,202,382,0.529,19,66,0.288,81,108,0.75,94,175,36,19,30,46,81,504,12.0
21,Patrick Baldwin Jr.,[<Position.SMALL_FORWARD: 'SMALL FORWARD'>],20,Team.GOLDEN_STATE_WARRIORS,31,0,226,43,109,0.394,32,84,0.381,4,6,0.667,1,39,11,6,4,11,14,122,3.9
22,LaMelo Ball,[<Position.POINT_GUARD: 'POINT GUARD'>],21,Team.CHARLOTTE_HORNETS,36,36,1268,296,721,0.411,144,383,0.376,102,122,0.836,42,189,304,46,11,129,118,838,23.3
23,Mo Bamba,[<Position.CENTER: 'CENTER'>],24,Team.ORLANDO_MAGIC,40,6,681,106,214,0.495,43,108,0.398,35,51,0.686,47,137,42,12,38,22,86,290,7.2
24,Mo Bamba,[<Position.CENTER: 'CENTER'>],24,Team.LOS_ANGELES_LAKERS,9,1,88,11,27,0.407,5,16,0.312,6,11,0.545,11,30,4,1,5,8,19,33,3.7
25,Paolo Banchero,[<Position.POWER_FORWARD: 'POWER FORWARD'>],20,Team.ORLANDO_MAGIC,72,72,2430,479,1122,0.427,85,285,0.298,394,534,0.738,84,413,269,60,39,200,160,1437,20.0
26,Desmond Bane,[<Position.SHOOTING_GUARD: 'SHOOTING GUARD'>],24,Team.MEMPHIS_GRIZZLIES,58,58,1841,450,939,0.479,166,407,0.408,181,205,0.883,43,248,254,56,22,126,150,1247,21.5
27,Dalano Banton,[<Position.POINT_GUARD: 'POINT GUARD'>],23,Team.TORONTO_RAPTORS,31,2,279,55,130,0.423,15,51,0.294,17,24,0.708,11,34,36,13,13,18,34,142,4.6
28,Dominick Barlow,[<Position.POWER_FORWARD: 'POWER FORWARD'>],19,Team.SAN_ANTONIO_SPURS,28,0,408,46,86,0.535,0,4,0.0,18,25,0.72,46,56,24,10,19,15,56,110,3.9
29,Harrison Barnes,[<Position.POWER_FORWARD: 'POWER FORWARD'>],30,Team.SACRAMENTO_KINGS,82,82,2662,374,791,0.473,132,353,0.374,350,413,0.847,87,279,128,57,10,86,103,1230,15.0
30,Scottie Barnes,[<Position.SMALL_FORWARD: 'SMALL FORWARD'>],21,Team.TORONTO_RAPTORS,77,76,2678,463,1016,0.456,63,224,0.281,190,246,0.772,179,333,371,83,61,154,170,1179,15.3
31,RJ Barrett,[<Position.SHOOTING_GUARD: 'SHOOTING GUARD'>],22,Team.NEW_YORK_KNICKS,73,73,2475,510,1176,0.434,121,390,0.31,290,392,0.74,60,308,201,31,15,164,179,1431,19.6
32,Will Barton,[<Position.SHOOTING_GUARD: 'SHOOTING GUARD'>],32,Team.WASHINGTON_WIZARDS,40,0,782,110,285,0.386,52,138,0.377,35,45,0.778,10,101,95,17,10,45,39,307,7.7
33,Will Barton,[<Position.SHOOTING_GUARD: 'SHOOTING GUARD'>],32,Team.TORONTO_RAPTORS,16,2,211,28,79,0.354,14,42,0.333,2,2,1.0,5,21,17,11,3,3,17,72,4.5
34,Charles Bassey,[<Position.CENTER: 'CENTER'>],22,Team.SAN_ANTONIO_SPURS,35,2,508,87,135,0.644,3,8,0.375,22,37,0.595,75,118,47,16,33,41,74,199,5.7
35,Keita Bates-Diop,[<Position.POWER_FORWARD: 'POWER FORWARD'>],27,Team.SAN_ANTONIO_SPURS,67,42,1452,236,465,0.508,56,142,0.394,119,150,0.793,65,183,103,46,20,56,63,647,9.7
36,Nicolas Batum,[<Position.POWER_FORWARD: 'POWER FORWARD'>],34,Team.LOS_ANGELES_CLIPPERS,78,19,1709,160,381,0.42,124,317,0.391,34,48,0.708,62,237,121,54,44,50,149,478,6.1
37,Darius Bazley,[<Position.CENTER: 'CENTER'>],22,Team.OKLAHOMA_CITY_THUNDER,36,1,555,71,158,0.449,18,45,0.4,36,65,0.554,29,93,32,19,29,22,35,196,5.4
38,Darius Bazley,[<Position.CENTER: 'CENTER'>],22,Team.PHOENIX_SUNS,7,0,61,12,25,0.48,2,8,0.25,2,5,0.4,5,11,6,3,5,5,9,28,4.0
39,Bradley Beal,[<Position.SHOOTING_GUARD: 'SHOOTING GUARD'>],29,Team.WASHINGTON_WIZARDS,50,50,1673,444,878,0.506,80,219,0.365,192,228,0.842,41,155,271,45,33,145,107,1160,23.2
40,Malik Beasley,[<Position.SHOOTING_GUARD: 'SHOOTING GUARD'>],26,Team.UTAH_JAZZ,55,13,1472,265,669,0.396,169,471,0.359,37,44,0.841,27,170,93,44,8,60,75,736,13.4
41,Malik Beasley,[<Position.SHOOTING_GUARD: 'SHOOTING GUARD'>],26,Team.LOS_ANGELES_LAKERS,26,14,621,105,268,0.392,66,187,0.353,13,21,0.619,8,78,31,21,1,30,32,289,11.1
42,MarJon Beauchamp,[<Position.SMALL_FORWARD: 'SMALL FORWARD'>],22,Team.MILWAUKEE_BUCKS,52,11,701,96,243,0.395,47,142,0.331,27,37,0.73,38,77,35,21,7,45,71,266,5.1
43,Dāvis Bertāns,[<Position.POWER_FORWARD: 'POWER FORWARD'>],30,Team.DALLAS_MAVERICKS,45,1,492,69,160,0.431,55,141,0.39,13,15,0.867,10,43,21,11,8,10,53,206,4.6
44,Patrick Beverley,[<Position.SHOOTING_GUARD: 'SHOOTING GUARD'>],34,Team.LOS_ANGELES_LAKERS,45,45,1211,97,241,0.402,55,158,0.348,39,50,0.78,24,116,118,40,25,42,124,288,6.4
45,Patrick Beverley,[<Position.POINT_GUARD: 'POINT GUARD'>],34,Team.CHICAGO_BULLS,22,22,605,47,119,0.395,25,81,0.309,8,15,0.533,20,87,76,23,16,18,63,127,5.8
46,Saddiq Bey,[<Position.SMALL_FORWARD: 'SMALL FORWARD'>],23,Team.DETROIT_PISTONS,52,30,1500,245,606,0.404,101,293,0.345,180,209,0.861,59,183,84,50,12,54,86,771,14.8
47,Saddiq Bey,[<Position.SMALL_FORWARD: 'SMALL FORWARD'>],23,Team.ATLANTA_HAWKS,25,7,629,108,230,0.47,50,125,0.4,25,29,0.862,39,81,34,20,1,17,37,291,11.6
48,Khem Birch,[<Position.CENTER: 'CENTER'>],30,Team.TORONTO_RAPTORS,20,0,162,19,32,0.594,1,2,0.5,4,5,0.8,8,17,7,5,5,8,24,43,2.2
49,Goga Bitadze,[<Position.CENTER: 'CENTER'>],23,Team.INDIANA_PACERS,21,0,202,27,52,0.519,4,14,0.286,11,24,0.458,25,24,18,9,10,12,34,69,3.3
50,Goga Bitadze,[<Position.CENTER: 'CENTER'>],23,Team.ORLANDO_MAGIC,17,1,255,42,73,0.575,2,12,0.167,12,18,0.667,36,52,21,7,16,10,30,98,5.8
51,Bismack Biyombo,[<Position.CENTER: 'CENTER'>],30,Team.PHOENIX_SUNS,61,14,874,119,206,0.578,0,0,,25,70,0.357,89,171,56,18,88,51,114,263,4.3
52,Buddy Boeheim,[<Position.SMALL_FORWARD: 'SMALL FORWARD'>],23,Team.DETROIT_PISTONS,10,0,90,5,27,0.185,4,25,0.16,2,2,1.0,2,4,4,2,0,0,6,16,1.6
53,Bogdan Bogdanović,[<Position.SHOOTING_GUARD: 'SHOOTING GUARD'>],30,Team.ATLANTA_HAWKS,54,9,1508,273,611,0.447,146,360,0.406,64,77,0.831,23,142,150,43,18,65,86,756,14.0
54,Bojan Bogdanović,[<Position.POWER_FORWARD: 'POWER FORWARD'>],33,Team.DETROIT_PISTONS,59,59,1893,430,882,0.488,145,353,0.411,268,303,0.884,36,187,152,34,8,135,113,1273,21.6
55,Bol Bol,[<Position.POWER_FORWARD: 'POWER FORWARD'>],23,Team.ORLANDO_MAGIC,70,33,1505,261,478,0.546,30,113,0.265,82,108,0.759,69,336,69,30,85,112,92,634,9.1
56,Leandro Bolmaro,[<Position.SMALL_FORWARD: 'SMALL FORWARD'>],22,Team.UTAH_JAZZ,14,0,68,3,20,0.15,0,4,0.0,0,0,,4,3,7,3,1,7,10,6,0.4
57,Devin Booker,[<Position.SHOOTING_GUARD: 'SHOOTING GUARD'>],26,Team.PHOENIX_SUNS,53,53,1835,527,1067,0.494,111,316,0.351,306,358,0.855,46,194,293,51,18,145,159,1471,27.8
58,Brandon Boston Jr.,[<Position.SMALL_FORWARD: 'SMALL FORWARD'>],21,Team.LOS_ANGELES_CLIPPERS,22,1,248,51,122,0.418,12,29,0.414,29,38,0.763,7,23,20,9,0,12,21,143,6.5
59,Chris Boucher,[<Position.POWER_FORWARD: 'POWER FORWARD'>],30,Team.TORONTO_RAPTORS,76,0,1523,261,529,0.493,62,189,0.328,128,168,0.762,157,264,29,47,64,41,143,712,9.4
60,James Bouknight,[<Position.SHOOTING_GUARD: 'SHOOTING GUARD'>],22,Team.CHARLOTTE_HORNETS,34,0,515,69,193,0.358,33,109,0.303,20,30,0.667,8,64,41,14,5,32,49,191,5.6
61,Jamaree Bouyea,[<Position.POINT_GUARD: 'POINT GUARD'>],23,Team.MIAMI_HEAT,4,0,65,6,13,0.462,2,5,0.4,1,2,0.5,1,4,4,4,2,4,5,15,3.8
62,Jamaree Bouyea,[<Position.POINT_GUARD: 'POINT GUARD'>],23,Team.WASHINGTON_WIZARDS,1,0,6,0,1,0.0,0,1,0.0,0,0,,0,1,0,0,0,0,1,0,0.0
63,Tony Bradley,[<Position.CENTER: 'CENTER'>],25,Team.CHICAGO_BULLS,12,0,33,6,12,0.5,3,5,0.6,4,4,1.0,1,10,1,1,1,1,2,19,1.6
64,Malaki Branham,[<Position.SHOOTING_GUARD: 'SHOOTING GUARD'>],19,Team.SAN_ANTONIO_SPURS,66,32,1550,269,611,0.44,77,255,0.302,58,70,0.829,28,153,127,33,7,76,115,673,10.2
65,Jarrell Brantley,[<Position.POWER_FORWARD: 'POWER FORWARD'>],26,Team.UTAH_JAZZ,4,0,39,8,14,0.571,4,9,0.444,2,2,1.0,1,5,3,0,2,2,3,22,5.5
66,Christian Braun,[<Position.SHOOTING_GUARD: 'SHOOTING GUARD'>],21,Team.DENVER_NUGGETS,76,6,1181,143,289,0.495,34,96,0.354,40,64,0.625,48,133,59,41,17,35,101,360,4.7
67,Mikal Bridges,[<Position.SMALL_FORWARD: 'SMALL FORWARD'>],26,Team.PHOENIX_SUNS,56,56,2040,354,764,0.463,101,261,0.387,156,174,0.897,56,187,201,65,45,78,115,965,17.2
68,Mikal Bridges,[<Position.SHOOTING_GUARD: 'SHOOTING GUARD'>],26,Team.BROOKLYN_NETS,27,27,923,239,503,0.475,68,181,0.376,160,179,0.894,23,98,72,26,16,49,44,706,26.1
69,Oshae Brissett,[<Position.POWER_FORWARD: 'POWER FORWARD'>],24,Team.INDIANA_PACERS,65,2,1083,123,319,0.386,48,155,0.31,104,145,0.717,62,156,44,33,13,34,79,398,6.1
70,Malcolm Brogdon,[<Position.POINT_GUARD: 'POINT GUARD'>],30,Team.BOSTON_CELTICS,67,0,1744,354,732,0.484,132,297,0.444,160,184,0.87,42,238,248,45,18,98,109,1000,14.9
71,Dillon Brooks,[<Position.SMALL_FORWARD: 'SMALL FORWARD'>],27,Team.MEMPHIS_GRIZZLIES,73,73,2214,392,991,0.396,143,439,0.326,120,154,0.779,45,199,189,65,16,104,240,1047,14.3
72,Bruce Brown,[<Position.SMALL_FORWARD: 'SMALL FORWARD'>],26,Team.DENVER_NUGGETS,80,31,2280,358,741,0.483,91,254,0.358,116,153,0.758,63,265,268,87,51,123,190,923,11.5
73,Greg Brown III,[<Position.POWER_FORWARD: 'POWER FORWARD'>],21,Team.PORTLAND_TRAIL_BLAZERS,16,0,93,11,28,0.393,1,7,0.143,5,12,0.417,2,17,3,4,5,6,13,28,1.8
74,Jaylen Brown,[<Position.SMALL_FORWARD: 'SMALL FORWARD'>],26,Team.BOSTON_CELTICS,67,67,2405,679,1383,0.491,163,487,0.335,263,344,0.765,78,381,232,75,26,197,172,1784,26.6
75,Kendall Brown,[<Position.SHOOTING_GUARD: 'SHOOTING GUARD'>],19,Team.INDIANA_PACERS,6,0,40,4,7,0.571,0,1,0.0,1,2,0.5,2,4,3,4,0,2,9,9,1.5
76,Moses Brown,[<Position.CENTER: 'CENTER'>],23,Team.LOS_ANGELES_CLIPPERS,34,1,288,61,96,0.635,0,0,,33,72,0.458,57,82,4,3,14,14,38,155,4.6
77,Moses Brown,[<Position.CENTER: 'CENTER'>],23,Team.BROOKLYN_NETS,2,0,6,0,0,,0,0,,0,0,,0,0,0,1,0,1,1,0,0.0
78,Sterling Brown,[<Position.SMALL_FORWARD: 'SMALL FORWARD'>],27,Team.LOS_ANGELES_LAKERS,4,0,24,0,4,0.0,0,2,0.0,0,0,,3,5,2,3,0,0,4,0,0.0
79,Troy Brown Jr.,[<Position.SMALL_FORWARD: 'SMALL FORWARD'>],23,Team.LOS_ANGELES_LAKERS,76,45,1860,200,465,0.43,107,281,0.381,34,39,0.872,62,246,95,59,16,49,120,541,7.1
80,Jalen Brunson,[<Position.POINT_GUARD: 'POINT GUARD'>],26,Team.NEW_YORK_KNICKS,68,68,2379,587,1195,0.491,134,322,0.416,325,392,0.829,40,201,421,61,15,142,152,1633,24.0
81,Thomas Bryant,[<Position.CENTER: 'CENTER'>],25,Team.LOS_ANGELES_LAKERS,41,25,876,197,301,0.654,22,50,0.44,80,108,0.741,67,212,29,14,23,28,77,496,12.1
82,Thomas Bryant,[<Position.CENTER: 'CENTER'>],25,Team.DENVER_NUGGETS,18,1,205,33,68,0.485,4,9,0.444,13,18,0.722,19,41,2,2,7,10,25,83,4.6
83,Reggie Bullock,[<Position.SMALL_FORWARD: 'SMALL FORWARD'>],31,Team.DALLAS_MAVERICKS,78,55,2364,192,470,0.409,151,397,0.38,26,37,0.703,32,251,108,54,13,36,166,561,7.2
84,Alec Burks,[<Position.SHOOTING_GUARD: 'SHOOTING GUARD'>],31,Team.DETROIT_PISTONS,51,8,1122,200,459,0.436,99,239,0.414,153,188,0.814,19,139,114,38,8,58,98,652,12.8
85,Deonte Burton,[<Position.POWER_FORWARD: 'POWER FORWARD'>],29,Team.SACRAMENTO_KINGS,2,0,6,0,2,0.0,0,1,0.0,0,0,,0,0,0,0,0,0,0,0,0.0
86,Jared Butler,[<Position.POINT_GUARD: 'POINT GUARD'>],22,Team.OKLAHOMA_CITY_THUNDER,6,1,77,15,32,0.469,7,14,0.5,0,0,,1,3,8,5,0,5,5,37,6.2
87,Jimmy Butler,[<Position.POWER_FORWARD: 'POWER FORWARD'>],33,Team.MIAMI_HEAT,64,64,2138,479,888,0.539,36,103,0.35,472,555,0.85,141,234,340,117,21,101,80,1466,22.9
88,John Butler,[<Position.CENTER: 'CENTER'>],20,Team.PORTLAND_TRAIL_BLAZERS,19,1,221,17,53,0.321,8,35,0.229,3,4,0.75,3,14,11,7,9,1,22,45,2.4
89,Jamal Cain,[<Position.POWER_FORWARD: 'POWER FORWARD'>],23,Team.MIAMI_HEAT,18,0,240,37,66,0.561,7,20,0.35,17,22,0.773,15,37,12,11,1,6,21,98,5.4
90,Kentavious Caldwell-Pope,[<Position.SHOOTING_GUARD: 'SHOOTING GUARD'>],29,Team.DENVER_NUGGETS,76,76,2381,292,632,0.462,135,319,0.423,103,125,0.824,35,173,183,112,35,86,145,822,10.8
91,Facundo Campazzo,[<Position.POINT_GUARD: 'POINT GUARD'>],31,Team.DALLAS_MAVERICKS,8,0,52,3,13,0.231,3,11,0.273,1,2,0.5,0,2,9,6,0,3,3,10,1.2
92,Vlatko Čančar,[<Position.POWER_FORWARD: 'POWER FORWARD'>],25,Team.DENVER_NUGGETS,60,9,889,108,227,0.476,43,115,0.374,38,41,0.927,24,104,80,22,14,37,84,297,5.0
93,Clint Capela,[<Position.CENTER: 'CENTER'>],28,Team.ATLANTA_HAWKS,65,63,1730,350,536,0.653,0,1,0.0,79,131,0.603,258,459,58,45,79,54,139,779,12.0
94,Vernon Carey Jr.,[<Position.CENTER: 'CENTER'>],21,Team.WASHINGTON_WIZARDS,11,0,28,2,8,0.25,0,0,,2,2,1.0,3,8,3,2,2,2,5,6,0.5
95,Jevon Carter,[<Position.POINT_GUARD: 'POINT GUARD'>],27,Team.MILWAUKEE_BUCKS,81,39,1810,239,565,0.423,142,337,0.421,31,38,0.816,35,167,197,66,29,78,158,651,8.0
96,Wendell Carter Jr.,[<Position.CENTER: 'CENTER'>],23,Team.ORLANDO_MAGIC,57,54,1690,322,613,0.525,80,225,0.356,144,195,0.738,120,377,132,30,33,106,159,868,15.2
97,Michael Carter-Williams,[<Position.POINT_GUARD: 'POINT GUARD'>],31,Team.ORLANDO_MAGIC,4,0,44,6,14,0.429,1,3,0.333,4,7,0.571,1,4,7,1,1,4,5,17,4.2
98,Alex Caruso,[<Position.POINT_GUARD: 'POINT GUARD'>],28,Team.CHICAGO_BULLS,67,36,1575,130,286,0.455,55,151,0.364,59,73,0.808,42,154,193,98,46,77,159,374,5.6
99,Julian Champagnie,[<Position.SMALL_FORWARD: 'SMALL FORWARD'>],21,Team.PHILADELPHIA_76ERS,2,0,7,0,2,0.0,0,1,0.0,0,0,,0,0,0,1,0,0,0,0,0.0
100,Julian Champagnie,[<Position.SMALL_FORWARD: 'SMALL FORWARD'>],21,Team.SAN_ANTONIO_SPURS,15,3,313,59,128,0.461,33,81,0.407,14,17,0.824,10,50,10,5,5,11,26,165,11.0
101,Justin Champagnie,[<Position.SMALL_FORWARD: 'SMALL FORWARD'>],21,Team.TORONTO_RAPTORS,3,0,11,3,3,1.0,0,0,,0,0,,1,3,1,0,0,0,1,6,2.0
102,Justin Champagnie,[<Position.SMALL_FORWARD: 'SMALL FORWARD'>],21,Team.BOSTON_CELTICS,2,0,23,2,12,0.167,1,5,0.2,0,0,,2,2,3,1,0,0,1,5,2.5
103,Kennedy Chandler,[<Position.POINT_GUARD: 'POINT GUARD'>],20,Team.MEMPHIS_GRIZZLIES,36,0,281,35,83,0.422,2,15,0.133,6,13,0.462,9,29,58,12,5,18,15,78,2.2
104,Max Christie,[<Position.SHOOTING_GUARD: 'SHOOTING GUARD'>],19,Team.LOS_ANGELES_LAKERS,41,3,512,44,106,0.415,26,62,0.419,14,16,0.875,7,68,21,9,7,13,33,128,3.1
105,Josh Christopher,[<Position.SHOOTING_GUARD: 'SHOOTING GUARD'>],21,Team.HOUSTON_ROCKETS,64,2,786,153,329,0.465,21,89,0.236,45,60,0.75,20,51,73,33,15,60,59,372,5.8
106,Brandon Clarke,[<Position.POWER_FORWARD: 'POWER FORWARD'>],26,Team.MEMPHIS_GRIZZLIES,56,8,1090,229,349,0.656,1,6,0.167,99,137,0.723,92,218,72,34,37,55,131,558,10.0
107,Jordan Clarkson,[<Position.SHOOTING_GUARD: 'SHOOTING GUARD'>],30,Team.UTAH_JAZZ,61,61,1988,458,1031,0.444,155,459,0.338,200,245,0.816,72,174,270,33,13,186,120,1271,20.8
108,Nic Claxton,[<Position.CENTER: 'CENTER'>],23,Team.BROOKLYN_NETS,76,76,2271,414,587,0.705,0,2,0.0,133,246,0.541,184,518,144,65,189,96,212,961,12.6
109,Amir Coffey,[<Position.SMALL_FORWARD: 'SMALL FORWARD'>],25,Team.LOS_ANGELES_CLIPPERS,50,9,625,56,145,0.386,11,40,0.275,49,63,0.778,17,36,53,7,5,21,50,172,3.4
110,John Collins,[<Position.POWER_FORWARD: 'POWER FORWARD'>],25,Team.ATLANTA_HAWKS,71,71,2130,359,707,0.508,70,240,0.292,143,178,0.803,77,385,85,42,73,79,220,931,13.1
111,Zach Collins,[<Position.CENTER: 'CENTER'>],25,Team.SAN_ANTONIO_SPURS,63,26,1441,284,548,0.518,55,147,0.374,108,142,0.761,116,286,180,37,49,129,199,731,11.6
112,Chance Comanche,[<Position.CENTER: 'CENTER'>],26,Team.PORTLAND_TRAIL_BLAZERS,1,0,21,3,5,0.6,0,0,,1,4,0.25,2,1,0,0,1,0,0,7,7.0
113,Mike Conley,[<Position.POINT_GUARD: 'POINT GUARD'>],35,Team.UTAH_JAZZ,43,42,1276,153,375,0.408,77,213,0.362,78,96,0.812,17,90,330,44,10,74,94,461,10.7
114,Mike Conley,[<Position.POINT_GUARD: 'POINT GUARD'>],35,Team.MINNESOTA_TIMBERWOLVES,24,24,753,108,235,0.46,58,138,0.42,63,73,0.863,16,59,120,29,4,29,45,337,14.0
115,Pat Connaughton,[<Position.SMALL_FORWARD: 'SMALL FORWARD'>],30,Team.MILWAUKEE_BUCKS,61,33,1443,165,421,0.392,109,322,0.339,27,41,0.659,50,233,77,37,11,33,69,466,7.6
116,Xavier Cooks,[<Position.POWER_FORWARD: 'POWER FORWARD'>],27,Team.WASHINGTON_WIZARDS,10,1,126,17,28,0.607,0,1,0.0,4,10,0.4,16,22,6,6,4,8,13,38,3.8
117,Robert Covington,[<Position.POWER_FORWARD: 'POWER FORWARD'>],32,Team.LOS_ANGELES_CLIPPERS,48,0,779,102,229,0.445,54,136,0.397,30,40,0.75,31,135,57,38,33,32,86,288,6.0
118,Torrey Craig,[<Position.POWER_FORWARD: 'POWER FORWARD'>],32,Team.PHOENIX_SUNS,79,60,1948,228,500,0.456,100,253,0.395,32,45,0.711,145,281,117,50,62,73,179,588,7.4
119,Jae Crowder,[<Position.POWER_FORWARD: 'POWER FORWARD'>],32,Team.MILWAUKEE_BUCKS,18,3,340,45,94,0.479,24,55,0.436,10,12,0.833,17,52,27,12,6,7,27,124,6.9
120,Jarrett Culver,[<Position.SMALL_FORWARD: 'SMALL FORWARD'>],23,Team.ATLANTA_HAWKS,10,1,137,17,43,0.395,1,12,0.083,9,13,0.692,10,28,6,6,2,7,14,44,4.4
121,Cade Cunningham,[<Position.POINT_GUARD: 'POINT GUARD'>],21,Team.DETROIT_PISTONS,12,12,400,93,224,0.415,17,61,0.279,36,43,0.837,12,62,72,10,7,39,34,239,19.9
122,Seth Curry,[<Position.SHOOTING_GUARD: 'SHOOTING GUARD'>],32,Team.BROOKLYN_NETS,61,7,1211,208,449,0.463,94,232,0.405,51,55,0.927,13,87,99,36,7,51,96,561,9.2
123,Stephen Curry,[<Position.POINT_GUARD: 'POINT GUARD'>],34,Team.GOLDEN_STATE_WARRIORS,56,56,1941,559,1133,0.493,273,639,0.427,257,281,0.915,39,302,352,52,20,179,117,1648,29.4
124,Dyson Daniels,[<Position.POINT_GUARD: 'POINT GUARD'>],19,Team.NEW_ORLEANS_PELICANS,59,11,1042,87,208,0.418,27,86,0.314,26,40,0.65,36,152,134,43,11,57,99,227,3.8
125,Anthony Davis,[<Position.CENTER: 'CENTER'>],29,Team.LOS_ANGELES_LAKERS,56,54,1904,542,962,0.563,19,74,0.257,348,444,0.784,195,507,148,59,114,122,146,1451,25.9
126,Johnny Davis,[<Position.SHOOTING_GUARD: 'SHOOTING GUARD'>],20,Team.WASHINGTON_WIZARDS,28,5,423,66,171,0.386,17,70,0.243,14,27,0.519,10,55,28,10,8,17,48,163,5.8
127,Terence Davis,[<Position.SHOOTING_GUARD: 'SHOOTING GUARD'>],25,Team.SACRAMENTO_KINGS,64,5,841,154,364,0.423,89,243,0.366,34,43,0.791,20,119,67,43,12,53,104,431,6.7
128,JD Davison,[<Position.SHOOTING_GUARD: 'SHOOTING GUARD'>],20,Team.BOSTON_CELTICS,12,0,66,8,19,0.421,2,7,0.286,1,2,0.5,2,7,11,2,2,4,5,19,1.6
129,Darius Days,[<Position.SMALL_FORWARD: 'SMALL FORWARD'>],23,Team.HOUSTON_ROCKETS,4,0,25,5,12,0.417,3,10,0.3,2,2,1.0,1,5,1,0,1,0,2,15,3.8
130,Dewayne Dedmon,[<Position.CENTER: 'CENTER'>],33,Team.MIAMI_HEAT,30,0,350,64,129,0.496,11,37,0.297,32,44,0.727,28,81,16,7,14,19,61,171,5.7
131,Dewayne Dedmon,[<Position.CENTER: 'CENTER'>],33,Team.PHILADELPHIA_76ERS,8,1,76,13,22,0.591,1,2,0.5,1,5,0.2,6,19,10,2,5,6,14,28,3.5
132,Matthew Dellavedova,[<Position.POINT_GUARD: 'POINT GUARD'>],32,Team.SACRAMENTO_KINGS,32,0,213,17,50,0.34,9,27,0.333,4,7,0.571,1,12,41,7,0,10,20,47,1.5
133,DeMar DeRozan,[<Position.SMALL_FORWARD: 'SMALL FORWARD'>],33,Team.CHICAGO_BULLS,74,74,2682,657,1303,0.504,46,142,0.324,456,523,0.872,34,309,377,83,36,153,186,1816,24.5
134,Moussa Diabaté,[<Position.CENTER: 'CENTER'>],21,Team.LOS_ANGELES_CLIPPERS,22,1,195,24,47,0.511,1,2,0.5,10,16,0.625,31,19,4,7,8,9,15,59,2.7
135,Mamadi Diakite,[<Position.CENTER: 'CENTER'>],26,Team.CLEVELAND_CAVALIERS,22,2,176,24,50,0.48,7,21,0.333,2,2,1.0,8,22,8,4,9,12,26,57,2.6
136,Hamidou Diallo,[<Position.SMALL_FORWARD: 'SMALL FORWARD'>],24,Team.DETROIT_PISTONS,56,0,996,215,375,0.573,5,21,0.238,87,148,0.588,57,137,55,53,16,71,124,522,9.3
137,Gorgui Dieng,[<Position.CENTER: 'CENTER'>],33,Team.SAN_ANTONIO_SPURS,31,1,358,45,117,0.385,21,75,0.28,10,13,0.769,27,80,53,4,14,32,57,121,3.9
138,Ousmane Dieng,[<Position.POWER_FORWARD: 'POWER FORWARD'>],19,Team.OKLAHOMA_CITY_THUNDER,39,1,569,76,181,0.42,26,98,0.265,15,23,0.652,19,86,46,14,7,26,42,193,4.9
139,Spencer Dinwiddie,[<Position.SHOOTING_GUARD: 'SHOOTING GUARD'>],29,Team.DALLAS_MAVERICKS,53,53,1808,316,694,0.455,138,341,0.405,170,207,0.821,19,144,279,39,16,90,124,940,17.7
140,Spencer Dinwiddie,[<Position.POINT_GUARD: 'POINT GUARD'>],29,Team.BROOKLYN_NETS,26,26,917,144,356,0.404,43,149,0.289,98,123,0.797,9,98,236,28,8,55,63,429,16.5
141,Donte DiVincenzo,[<Position.SHOOTING_GUARD: 'SHOOTING GUARD'>],26,Team.GOLDEN_STATE_WARRIORS,72,36,1894,235,540,0.435,150,378,0.397,58,71,0.817,80,245,252,97,10,112,133,678,9.4
142,Luka Dončić,[<Position.POINT_GUARD: 'POINT GUARD'>],23,Team.DALLAS_MAVERICKS,66,66,2391,719,1449,0.496,185,541,0.342,515,694,0.742,54,515,529,90,33,236,166,2138,32.4
143,Tyler Dorsey,[<Position.SMALL_FORWARD: 'SMALL FORWARD'>],26,Team.DALLAS_MAVERICKS,3,0,8,4,5,0.8,1,2,0.5,0,0,,1,1,0,0,0,0,0,9,3.0
144,Luguentz Dort,[<Position.SMALL_FORWARD: 'SMALL FORWARD'>],23,Team.OKLAHOMA_CITY_THUNDER,74,73,2272,339,873,0.388,135,409,0.33,200,259,0.772,128,216,154,75,23,92,243,1013,13.7
145,Ayo Dosunmu,[<Position.SHOOTING_GUARD: 'SHOOTING GUARD'>],23,Team.CHICAGO_BULLS,80,51,2098,281,570,0.493,59,189,0.312,66,82,0.805,45,175,206,62,26,99,182,687,8.6
146,Devon Dotson,[<Position.POINT_GUARD: 'POINT GUARD'>],23,Team.WASHINGTON_WIZARDS,6,0,53,1,10,0.1,1,4,0.25,0,0,,6,4,8,5,0,3,9,3,0.5
147,Jeff Dowtin,[<Position.POINT_GUARD: 'POINT GUARD'>],25,Team.TORONTO_RAPTORS,25,0,259,25,57,0.439,5,16,0.312,6,9,0.667,6,17,31,9,3,5,13,61,2.4
148,PJ Dozier,[<Position.SMALL_FORWARD: 'SMALL FORWARD'>],26,Team.SACRAMENTO_KINGS,16,0,79,10,33,0.303,2,16,0.125,0,0,,1,13,10,6,1,5,7,22,1.4
149,Goran Dragić,[<Position.POINT_GUARD: 'POINT GUARD'>],36,Team.CHICAGO_BULLS,51,0,787,127,299,0.425,45,128,0.352,27,41,0.659,13,56,139,11,4,56,63,326,6.4
150,Goran Dragić,[<Position.POINT_GUARD: 'POINT GUARD'>],36,Team.MILWAUKEE_BUCKS,7,0,83,14,36,0.389,7,17,0.412,4,4,1.0,3,9,12,2,0,7,2,39,5.6
151,Andre Drummond,[<Position.CENTER: 'CENTER'>],29,Team.CHICAGO_BULLS,67,0,849,166,274,0.606,0,3,0.0,67,125,0.536,138,306,33,45,27,75,117,399,6.0
152,Chris Duarte,[<Position.SMALL_FORWARD: 'SMALL FORWARD'>],25,Team.INDIANA_PACERS,46,12,897,123,333,0.369,55,174,0.316,61,72,0.847,19,96,64,25,9,41,65,362,7.9
153,David Duke Jr.,[<Position.SHOOTING_GUARD: 'SHOOTING GUARD'>],23,Team.BROOKLYN_NETS,23,0,228,36,78,0.462,1,12,0.083,12,17,0.706,11,18,21,10,1,18,31,85,3.7
154,Kris Dunn,[<Position.POINT_GUARD: 'POINT GUARD'>],28,Team.UTAH_JAZZ,22,3,568,116,216,0.537,17,36,0.472,41,53,0.774,9,91,124,25,10,35,58,290,13.2
155,Kevin Durant,[<Position.POWER_FORWARD: 'POWER FORWARD'>],34,Team.BROOKLYN_NETS,39,39,1403,410,734,0.559,71,189,0.376,267,286,0.934,14,248,207,32,57,136,92,1158,29.7
156,Kevin Durant,[<Position.POWER_FORWARD: 'POWER FORWARD'>],34,Team.PHOENIX_SUNS,8,8,269,73,128,0.57,22,41,0.537,40,48,0.833,3,48,28,2,10,20,7,208,26.0
157,Jalen Duren,[<Position.CENTER: 'CENTER'>],19,Team.DETROIT_PISTONS,67,31,1670,258,398,0.648,0,2,0.0,96,157,0.611,229,366,75,44,59,92,182,612,9.1
158,Tari Eason,[<Position.POWER_FORWARD: 'POWER FORWARD'>],21,Team.HOUSTON_ROCKETS,82,5,1767,296,660,0.448,59,172,0.343,109,145,0.752,195,301,88,96,47,101,189,760,9.3
159,Anthony Edwards,[<Position.SHOOTING_GUARD: 'SHOOTING GUARD'>],21,Team.MINNESOTA_TIMBERWOLVES,79,79,2842,707,1541,0.459,213,578,0.369,319,422,0.756,47,411,350,125,58,259,186,1946,24.6
160,Kessler Edwards,[<Position.SMALL_FORWARD: 'SMALL FORWARD'>],22,Team.BROOKLYN_NETS,14,1,79,6,24,0.25,2,12,0.167,1,2,0.5,6,8,2,3,1,4,3,15,1.1
161,Kessler Edwards,[<Position.SMALL_FORWARD: 'SMALL FORWARD'>],22,Team.SACRAMENTO_KINGS,22,3,306,30,69,0.435,15,43,0.349,10,13,0.769,17,30,21,11,5,9,37,85,3.9
162,Keon Ellis,[<Position.SHOOTING_GUARD: 'SHOOTING GUARD'>],23,Team.SACRAMENTO_KINGS,16,0,71,7,16,0.438,6,12,0.5,4,7,0.571,4,4,6,5,1,1,10,24,1.5
163,Joel Embiid,[<Position.CENTER: 'CENTER'>],28,Team.PHILADELPHIA_76ERS,66,66,2284,728,1328,0.548,66,200,0.33,661,771,0.857,113,557,274,66,112,226,205,2183,33.1
164,Drew Eubanks,[<Position.CENTER: 'CENTER'>],25,Team.PORTLAND_TRAIL_BLAZERS,78,28,1584,214,334,0.641,7,18,0.389,83,125,0.664,132,286,103,40,102,67,169,518,6.6
165,Bruno Fernando,[<Position.CENTER: 'CENTER'>],24,Team.HOUSTON_ROCKETS,31,4,364,48,93,0.516,0,1,0.0,30,44,0.682,48,74,30,6,31,20,68,126,4.1
166,Bruno Fernando,[<Position.CENTER: 'CENTER'>],24,Team.ATLANTA_HAWKS,8,0,41,11,19,0.579,0,3,0.0,5,6,0.833,6,9,1,0,3,5,6,27,3.4
167,Dorian Finney-Smith,[<Position.POWER_FORWARD: 'POWER FORWARD'>],29,Team.DALLAS_MAVERICKS,40,40,1288,129,310,0.416,77,217,0.355,30,40,0.75,67,121,59,38,20,36,80,365,9.1
168,Dorian Finney-Smith,[<Position.POWER_FORWARD: 'POWER FORWARD'>],29,Team.BROOKLYN_NETS,26,26,721,67,191,0.351,37,121,0.306,15,19,0.789,47,81,41,17,16,26,64,186,7.2
169,Malachi Flynn,[<Position.POINT_GUARD: 'POINT GUARD'>],24,Team.TORONTO_RAPTORS,53,2,691,87,242,0.36,47,133,0.353,25,33,0.758,15,61,70,21,4,25,65,246,4.6
170,Simone Fontecchio,[<Position.SMALL_FORWARD: 'SMALL FORWARD'>],27,Team.UTAH_JAZZ,52,6,766,115,312,0.369,63,191,0.33,35,44,0.795,31,55,42,15,8,39,62,328,6.3
171,Bryn Forbes,[<Position.SHOOTING_GUARD: 'SHOOTING GUARD'>],29,Team.MINNESOTA_TIMBERWOLVES,25,0,268,30,83,0.361,14,46,0.304,15,15,1.0,4,11,17,7,2,12,22,89,3.6
172,Trent Forrest,[<Position.SHOOTING_GUARD: 'SHOOTING GUARD'>],24,Team.ATLANTA_HAWKS,23,3,277,25,60,0.417,0,2,0.0,2,3,0.667,5,32,38,7,2,15,17,52,2.3
173,Michael Foster Jr.,[<Position.POWER_FORWARD: 'POWER FORWARD'>],20,Team.PHILADELPHIA_76ERS,1,0,1,0,0,,0,0,,0,0,,0,0,0,0,0,0,0,0,0.0
174,Evan Fournier,[<Position.SHOOTING_GUARD: 'SHOOTING GUARD'>],30,Team.NEW_YORK_KNICKS,27,7,459,56,166,0.337,35,114,0.307,18,21,0.857,4,45,36,16,3,22,46,165,6.1
175,De'Aaron Fox,[<Position.POINT_GUARD: 'POINT GUARD'>],25,Team.SACRAMENTO_KINGS,73,73,2435,682,1331,0.512,119,367,0.324,343,440,0.78,40,266,447,83,23,181,172,1826,25.0
176,Markelle Fultz,[<Position.POINT_GUARD: 'POINT GUARD'>],24,Team.ORLANDO_MAGIC,60,60,1778,349,679,0.514,27,87,0.31,112,143,0.783,69,165,341,87,26,139,131,837,14.0
177,Wenyen Gabriel,[<Position.CENTER: 'CENTER'>],25,Team.LOS_ANGELES_LAKERS,68,2,1024,155,260,0.596,10,36,0.278,52,84,0.619,116,170,36,26,35,46,144,372,5.5
178,Daniel Gafford,[<Position.CENTER: 'CENTER'>],24,Team.WASHINGTON_WIZARDS,78,47,1604,289,395,0.732,0,0,,127,187,0.679,163,270,84,33,99,85,187,705,9.0
179,Darius Garland,[<Position.POINT_GUARD: 'POINT GUARD'>],23,Team.CLEVELAND_CAVALIERS,69,69,2447,522,1129,0.462,169,412,0.41,277,321,0.863,28,157,538,85,9,199,148,1490,21.6
180,Usman Garuba,[<Position.CENTER: 'CENTER'>],20,Team.HOUSTON_ROCKETS,75,1,970,86,177,0.486,24,59,0.407,29,47,0.617,120,187,64,44,29,47,135,225,3.0
181,Luka Garza,[<Position.CENTER: 'CENTER'>],24,Team.MINNESOTA_TIMBERWOLVES,28,0,243,63,116,0.543,14,39,0.359,41,52,0.788,33,30,18,3,2,14,43,181,6.5
182,Rudy Gay,[<Position.POWER_FORWARD: 'POWER FORWARD'>],36,Team.UTAH_JAZZ,56,0,816,109,287,0.38,33,130,0.254,42,49,0.857,33,130,57,19,18,37,68,293,5.2
183,Paul George,[<Position.SMALL_FORWARD: 'SMALL FORWARD'>],32,Team.LOS_ANGELES_CLIPPERS,56,56,1939,459,1004,0.457,158,426,0.371,256,294,0.871,45,297,288,83,20,176,159,1332,23.8
184,Taj Gibson,[<Position.CENTER: 'CENTER'>],37,Team.WASHINGTON_WIZARDS,49,2,480,65,125,0.52,8,24,0.333,30,42,0.714,32,61,34,15,12,26,84,168,3.4
185,Josh Giddey,[<Position.POWER_FORWARD: 'POWER FORWARD'>],20,Team.OKLAHOMA_CITY_THUNDER,76,76,2367,539,1118,0.482,76,234,0.325,106,145,0.731,148,451,469,57,31,211,143,1260,16.6
186,Shai Gilgeous-Alexander,[<Position.POINT_GUARD: 'POINT GUARD'>],24,Team.OKLAHOMA_CITY_THUNDER,68,68,2416,704,1381,0.51,58,168,0.345,669,739,0.905,59,270,371,112,65,192,192,2135,31.4
187,Anthony Gill,[<Position.POWER_FORWARD: 'POWER FORWARD'>],30,Team.WASHINGTON_WIZARDS,59,8,624,71,132,0.538,4,29,0.138,49,67,0.731,37,62,34,7,12,15,70,195,3.3
188,Jacob Gilyard,[<Position.POINT_GUARD: 'POINT GUARD'>],24,Team.MEMPHIS_GRIZZLIES,1,0,41,1,3,0.333,1,3,0.333,0,0,,0,4,7,3,0,2,3,3,3.0
189,Rudy Gobert,[<Position.CENTER: 'CENTER'>],30,Team.MINNESOTA_TIMBERWOLVES,70,70,2148,360,546,0.659,0,3,0.0,219,340,0.644,231,583,87,56,95,122,210,939,13.4
190,Jordan Goodwin,[<Position.POINT_GUARD: 'POINT GUARD'>],24,Team.WASHINGTON_WIZARDS,62,7,1106,158,353,0.448,38,118,0.322,53,69,0.768,57,148,168,58,26,57,95,407,6.6
191,Aaron Gordon,[<Position.POWER_FORWARD: 'POWER FORWARD'>],27,Team.DENVER_NUGGETS,68,68,2055,429,761,0.564,60,173,0.347,191,314,0.608,164,282,203,54,51,98,129,1109,16.3
192,Eric Gordon,[<Position.SHOOTING_GUARD: 'SHOOTING GUARD'>],34,Team.HOUSTON_ROCKETS,47,47,1418,210,478,0.439,85,245,0.347,110,135,0.815,12,85,136,30,17,83,45,615,13.1
193,Eric Gordon,[<Position.SHOOTING_GUARD: 'SHOOTING GUARD'>],34,Team.LOS_ANGELES_CLIPPERS,22,11,547,81,175,0.463,47,111,0.423,32,38,0.842,4,33,47,13,8,21,33,241,11.0
194,Devonte' Graham,[<Position.POINT_GUARD: 'POINT GUARD'>],27,Team.NEW_ORLEANS_PELICANS,53,0,811,85,231,0.368,66,190,0.347,44,59,0.746,12,60,116,30,10,27,48,280,5.3
195,Devonte' Graham,[<Position.POINT_GUARD: 'POINT GUARD'>],27,Team.SAN_ANTONIO_SPURS,20,8,527,76,200,0.38,53,148,0.358,54,72,0.75,7,43,80,15,6,26,31,259,13.0
196,Jerami Grant,[<Position.POWER_FORWARD: 'POWER FORWARD'>],28,Team.PORTLAND_TRAIL_BLAZERS,63,63,2246,434,913,0.475,144,359,0.401,278,342,0.813,53,230,150,51,53,116,152,1290,20.5
197,RaiQuan Gray,[<Position.POWER_FORWARD: 'POWER FORWARD'>],23,Team.BROOKLYN_NETS,1,0,35,6,12,0.5,2,5,0.4,2,2,1.0,3,6,7,0,1,4,5,16,16.0
198,A.J. Green,[<Position.SHOOTING_GUARD: 'SHOOTING GUARD'>],23,Team.MILWAUKEE_BUCKS,35,1,345,53,125,0.424,44,105,0.419,4,4,1.0,6,39,22,6,0,9,31,154,4.4
199,Danny Green,[<Position.SHOOTING_GUARD: 'SHOOTING GUARD'>],35,Team.MEMPHIS_GRIZZLIES,3,0,43,3,11,0.273,3,8,0.375,0,0,,1,3,2,1,0,3,6,9,3.0
200,Danny Green,[<Position.SHOOTING_GUARD: 'SHOOTING GUARD'>],35,Team.CLEVELAND_CAVALIERS,8,0,95,19,38,0.5,13,29,0.448,1,1,1.0,2,8,4,5,3,7,10,52,6.5
201,Draymond Green,[<Position.POWER_FORWARD: 'POWER FORWARD'>],32,Team.GOLDEN_STATE_WARRIORS,73,73,2297,250,474,0.527,40,131,0.305,77,108,0.713,66,459,500,74,60,204,229,617,8.5
202,Jalen Green,[<Position.SHOOTING_GUARD: 'SHOOTING GUARD'>],20,Team.HOUSTON_ROCKETS,76,76,2602,566,1359,0.416,187,554,0.338,364,463,0.786,43,241,281,59,18,200,131,1683,22.1
203,JaMychal Green,[<Position.POWER_FORWARD: 'POWER FORWARD'>],32,Team.GOLDEN_STATE_WARRIORS,57,1,797,136,252,0.54,42,111,0.378,52,67,0.776,72,133,51,25,23,52,105,366,6.4
204,Javonte Green,[<Position.SMALL_FORWARD: 'SMALL FORWARD'>],29,Team.CHICAGO_BULLS,32,1,480,61,108,0.565,13,35,0.371,30,45,0.667,27,61,23,24,21,20,52,165,5.2
205,Jeff Green,[<Position.POWER_FORWARD: 'POWER FORWARD'>],36,Team.DENVER_NUGGETS,56,4,1091,160,328,0.488,30,104,0.288,87,117,0.744,38,106,69,18,17,46,99,437,7.8
206,Josh Green,[<Position.SHOOTING_GUARD: 'SHOOTING GUARD'>],22,Team.DALLAS_MAVERICKS,60,21,1539,205,382,0.537,68,169,0.402,68,94,0.723,55,127,103,42,5,72,156,546,9.1
207,AJ Griffin,[<Position.SMALL_FORWARD: 'SMALL FORWARD'>],19,Team.ATLANTA_HAWKS,72,12,1401,248,533,0.465,101,259,0.39,42,47,0.894,37,116,73,42,12,42,87,639,8.9
208,Blake Griffin,[<Position.CENTER: 'CENTER'>],33,Team.BOSTON_CELTICS,41,16,569,63,130,0.485,23,66,0.348,21,32,0.656,47,108,61,14,9,22,75,170,4.1
209,Quentin Grimes,[<Position.SHOOTING_GUARD: 'SHOOTING GUARD'>],22,Team.NEW_YORK_KNICKS,71,66,2121,282,602,0.468,157,407,0.386,78,98,0.796,49,180,150,47,26,69,177,799,11.3
210,Rui Hachimura,[<Position.POWER_FORWARD: 'POWER FORWARD'>],24,Team.WASHINGTON_WIZARDS,30,0,728,158,324,0.488,30,89,0.337,44,58,0.759,19,109,35,11,12,36,39,390,13.0
211,Rui Hachimura,[<Position.POWER_FORWARD: 'POWER FORWARD'>],24,Team.LOS_ANGELES_LAKERS,33,9,738,126,260,0.485,21,71,0.296,44,61,0.721,34,121,23,8,14,17,33,317,9.6
212,Tyrese Haliburton,[<Position.POINT_GUARD: 'POINT GUARD'>],22,Team.INDIANA_PACERS,56,56,1883,412,841,0.49,161,402,0.4,175,201,0.871,33,172,585,91,25,141,69,1160,20.7
213,Jordan Hall,[<Position.SMALL_FORWARD: 'SMALL FORWARD'>],21,Team.SAN_ANTONIO_SPURS,9,0,83,9,28,0.321,3,15,0.2,7,9,0.778,3,9,11,1,0,7,6,28,3.1
214,R.J. Hampton,[<Position.SHOOTING_GUARD: 'SHOOTING GUARD'>],21,Team.ORLANDO_MAGIC,26,0,361,50,114,0.439,18,53,0.34,31,37,0.838,9,30,34,16,4,21,22,149,5.7
215,R.J. Hampton,[<Position.SHOOTING_GUARD: 'SHOOTING GUARD'>],21,Team.DETROIT_PISTONS,21,3,389,52,123,0.423,23,63,0.365,26,39,0.667,9,39,20,11,5,21,29,153,7.3
216,Tim Hardaway Jr.,[<Position.SMALL_FORWARD: 'SMALL FORWARD'>],30,Team.DALLAS_MAVERICKS,71,45,2152,340,847,0.401,212,550,0.385,127,165,0.77,21,230,129,49,12,60,120,1019,14.4
217,James Harden,[<Position.POINT_GUARD: 'POINT GUARD'>],33,Team.PHILADELPHIA_76ERS,58,58,2135,371,842,0.441,161,418,0.385,313,361,0.867,40,314,618,71,31,195,112,1216,21.0
218,Jaden Hardy,[<Position.SHOOTING_GUARD: 'SHOOTING GUARD'>],20,Team.DALLAS_MAVERICKS,48,5,708,146,333,0.438,63,156,0.404,65,79,0.823,11,78,65,17,7,46,64,420,8.8
219,Ron Harper Jr.,[<Position.POWER_FORWARD: 'POWER FORWARD'>],22,Team.TORONTO_RAPTORS,9,0,48,8,16,0.5,3,9,0.333,1,1,1.0,3,4,4,0,1,0,3,20,2.2
220,Montrezl Harrell,[<Position.CENTER: 'CENTER'>],29,Team.PHILADELPHIA_76ERS,57,7,681,125,209,0.598,0,6,0.0,70,101,0.693,67,92,33,17,25,35,75,320,5.6
221,Gary Harris,[<Position.SHOOTING_GUARD: 'SHOOTING GUARD'>],28,Team.ORLANDO_MAGIC,48,42,1184,138,307,0.45,94,218,0.431,27,30,0.9,21,77,59,45,12,28,93,397,8.3
222,Joe Harris,[<Position.SMALL_FORWARD: 'SMALL FORWARD'>],31,Team.BROOKLYN_NETS,74,33,1527,201,440,0.457,142,333,0.426,18,28,0.643,23,141,101,34,13,41,140,562,7.6
223,Kevon Harris,[<Position.SHOOTING_GUARD: 'SHOOTING GUARD'>],25,Team.ORLANDO_MAGIC,34,0,457,47,107,0.439,16,43,0.372,31,41,0.756,28,42,16,17,5,21,53,141,4.1
224,Tobias Harris,[<Position.SMALL_FORWARD: 'SMALL FORWARD'>],30,Team.PHILADELPHIA_76ERS,74,74,2436,423,845,0.501,126,324,0.389,113,129,0.876,67,357,186,68,40,89,149,1085,14.7
225,Shaquille Harrison,[<Position.SHOOTING_GUARD: 'SHOOTING GUARD'>],29,Team.PORTLAND_TRAIL_BLAZERS,5,0,120,15,36,0.417,3,10,0.3,11,15,0.733,1,21,30,11,2,6,12,44,8.8
226,Josh Hart,[<Position.SMALL_FORWARD: 'SMALL FORWARD'>],27,Team.PORTLAND_TRAIL_BLAZERS,51,51,1704,183,363,0.504,34,112,0.304,87,119,0.731,95,322,200,54,9,79,133,487,9.5
227,Josh Hart,[<Position.SMALL_FORWARD: 'SMALL FORWARD'>],27,Team.NEW_YORK_KNICKS,25,1,750,92,157,0.586,27,52,0.519,45,57,0.789,47,129,90,34,12,38,62,256,10.2
228,Isaiah Hartenstein,[<Position.CENTER: 'CENTER'>],24,Team.NEW_YORK_KNICKS,82,8,1626,175,327,0.535,8,37,0.216,48,71,0.676,209,327,102,53,64,66,213,406,5.0
229,Udonis Haslem,[<Position.CENTER: 'CENTER'>],42,Team.MIAMI_HEAT,7,1,71,10,29,0.345,3,9,0.333,4,5,0.8,4,7,0,1,2,1,11,27,3.9
230,Sam Hauser,[<Position.SMALL_FORWARD: 'SMALL FORWARD'>],25,Team.BOSTON_CELTICS,80,8,1290,180,396,0.455,140,335,0.418,12,17,0.706,35,169,71,29,21,30,99,512,6.4
231,Jaxson Hayes,[<Position.CENTER: 'CENTER'>],22,Team.NEW_ORLEANS_PELICANS,47,2,610,86,156,0.551,3,29,0.103,58,83,0.699,39,93,34,20,19,31,67,233,5.0
232,Killian Hayes,[<Position.POINT_GUARD: 'POINT GUARD'>],21,Team.DETROIT_PISTONS,76,56,2154,307,815,0.377,80,286,0.28,92,112,0.821,28,193,470,104,28,173,219,786,10.3
233,Gordon Hayward,[<Position.SMALL_FORWARD: 'SMALL FORWARD'>],32,Team.CHARLOTTE_HORNETS,50,50,1577,276,581,0.475,52,160,0.325,129,159,0.811,33,182,206,42,12,99,70,733,14.7
234,Juancho Hernangómez,[<Position.POWER_FORWARD: 'POWER FORWARD'>],27,Team.TORONTO_RAPTORS,42,10,614,48,114,0.421,17,67,0.254,9,16,0.562,27,96,25,16,6,15,43,122,2.9
235,Willy Hernangómez,[<Position.CENTER: 'CENTER'>],28,Team.NEW_ORLEANS_PELICANS,38,2,458,89,169,0.527,3,11,0.273,81,104,0.779,58,122,33,17,13,39,64,262,6.9
236,Tyler Herro,[<Position.SHOOTING_GUARD: 'SHOOTING GUARD'>],23,Team.MIAMI_HEAT,67,67,2337,487,1109,0.439,203,537,0.378,170,182,0.934,27,333,280,51,16,158,101,1347,20.1
237,Buddy Hield,[<Position.SMALL_FORWARD: 'SMALL FORWARD'>],30,Team.INDIANA_PACERS,80,73,2482,475,1038,0.458,288,677,0.425,106,129,0.822,67,333,225,92,26,139,156,1344,16.8
238,Haywood Highsmith,[<Position.POWER_FORWARD: 'POWER FORWARD'>],26,Team.MIAMI_HEAT,54,11,969,93,216,0.431,37,109,0.339,13,28,0.464,57,131,43,36,17,45,82,236,4.4
239,George Hill,[<Position.POINT_GUARD: 'POINT GUARD'>],36,Team.MILWAUKEE_BUCKS,35,0,668,59,132,0.447,23,74,0.311,34,46,0.739,13,54,89,19,3,27,41,175,5.0
240,George Hill,[<Position.SHOOTING_GUARD: 'SHOOTING GUARD'>],36,Team.INDIANA_PACERS,11,1,166,19,34,0.559,11,21,0.524,8,9,0.889,2,16,21,7,3,7,14,57,5.2
241,Malcolm Hill,[<Position.SMALL_FORWARD: 'SMALL FORWARD'>],27,Team.CHICAGO_BULLS,5,0,9,2,4,0.5,1,3,0.333,0,0,,0,3,0,0,0,0,1,5,1.0
242,Aaron Holiday,[<Position.POINT_GUARD: 'POINT GUARD'>],26,Team.ATLANTA_HAWKS,63,6,845,92,220,0.418,36,88,0.409,27,32,0.844,25,49,89,37,12,36,79,247,3.9
243,Jrue Holiday,[<Position.POINT_GUARD: 'POINT GUARD'>],32,Team.MILWAUKEE_BUCKS,67,65,2183,490,1023,0.479,158,411,0.384,152,177,0.859,79,262,495,79,25,197,116,1290,19.3
244,Justin Holiday,[<Position.SMALL_FORWARD: 'SMALL FORWARD'>],33,Team.ATLANTA_HAWKS,28,0,411,48,125,0.384,30,87,0.345,0,0,,2,21,25,5,10,12,37,126,4.5
245,Justin Holiday,[<Position.SMALL_FORWARD: 'SMALL FORWARD'>],33,Team.DALLAS_MAVERICKS,18,2,295,29,79,0.367,16,56,0.286,5,8,0.625,3,29,16,14,9,10,31,79,4.4
246,Richaun Holmes,[<Position.CENTER: 'CENTER'>],29,Team.SACRAMENTO_KINGS,42,1,348,55,89,0.618,5,8,0.625,15,19,0.789,29,51,9,3,11,14,50,130,3.1
247,Al Horford,[<Position.CENTER: 'CENTER'>],36,Team.BOSTON_CELTICS,63,63,1922,228,479,0.476,145,325,0.446,15,21,0.714,73,317,189,30,61,37,121,616,9.8
248,Talen Horton-Tucker,[<Position.SHOOTING_GUARD: 'SHOOTING GUARD'>],22,Team.UTAH_JAZZ,65,20,1313,257,613,0.419,58,203,0.286,126,168,0.75,41,169,246,41,29,126,108,698,10.7
249,Danuel House Jr.,[<Position.SMALL_FORWARD: 'SMALL FORWARD'>],29,Team.PHILADELPHIA_76ERS,56,5,807,93,197,0.472,37,110,0.336,45,60,0.75,9,85,44,14,9,26,69,268,4.8
250,Caleb Houstan,[<Position.SMALL_FORWARD: 'SMALL FORWARD'>],20,Team.ORLANDO_MAGIC,51,4,812,66,182,0.363,46,136,0.338,15,18,0.833,34,65,30,12,7,18,63,193,3.8
251,Trevor Hudgins,[<Position.POINT_GUARD: 'POINT GUARD'>],23,Team.HOUSTON_ROCKETS,5,0,28,2,9,0.222,2,8,0.25,3,3,1.0,0,0,3,0,0,1,1,9,1.8
252,Kevin Huerter,[<Position.SHOOTING_GUARD: 'SHOOTING GUARD'>],24,Team.SACRAMENTO_KINGS,75,75,2203,420,866,0.485,205,510,0.402,95,131,0.725,42,209,221,80,24,97,181,1140,15.2
253,Jay Huff,[<Position.CENTER: 'CENTER'>],24,Team.WASHINGTON_WIZARDS,7,0,95,15,25,0.6,6,12,0.5,15,16,0.938,6,15,10,3,4,5,15,51,7.3
254,De'Andre Hunter,[<Position.SMALL_FORWARD: 'SMALL FORWARD'>],25,Team.ATLANTA_HAWKS,67,67,2126,379,822,0.461,100,286,0.35,171,207,0.826,46,238,94,35,17,82,199,1029,15.4
255,Bones Hyland,[<Position.POINT_GUARD: 'POINT GUARD'>],22,Team.DENVER_NUGGETS,42,1,820,173,434,0.399,91,241,0.378,71,82,0.866,10,76,125,28,13,67,66,508,12.1
256,Bones Hyland,[<Position.POINT_GUARD: 'POINT GUARD'>],22,Team.LOS_ANGELES_CLIPPERS,14,0,265,55,137,0.401,26,74,0.351,15,20,0.75,10,39,47,11,2,15,30,151,10.8
257,Serge Ibaka,[<Position.CENTER: 'CENTER'>],33,Team.MILWAUKEE_BUCKS,16,0,185,26,54,0.481,6,18,0.333,8,13,0.615,15,29,4,2,7,11,23,66,4.1
258,Andre Iguodala,[<Position.POWER_FORWARD: 'POWER FORWARD'>],39,Team.GOLDEN_STATE_WARRIORS,8,0,113,7,15,0.467,1,9,0.111,2,3,0.667,3,14,19,4,3,9,11,17,2.1
259,Joe Ingles,[<Position.SMALL_FORWARD: 'SMALL FORWARD'>],35,Team.MILWAUKEE_BUCKS,46,0,1044,108,248,0.435,83,203,0.409,18,21,0.857,13,115,150,33,6,55,74,317,6.9
260,Brandon Ingram,[<Position.SMALL_FORWARD: 'SMALL FORWARD'>],25,Team.NEW_ORLEANS_PELICANS,45,45,1538,404,835,0.484,64,164,0.39,240,272,0.882,23,223,262,32,19,148,116,1112,24.7
261,Kyrie Irving,[<Position.POINT_GUARD: 'POINT GUARD'>],30,Team.BROOKLYN_NETS,40,40,1478,398,819,0.486,130,348,0.374,158,179,0.883,38,166,211,41,33,91,109,1084,27.1
262,Kyrie Irving,[<Position.SHOOTING_GUARD: 'SHOOTING GUARD'>],30,Team.DALLAS_MAVERICKS,20,20,763,196,384,0.51,58,148,0.392,89,94,0.947,21,79,120,25,12,37,56,539,27.0
263,Jonathan Isaac,[<Position.POWER_FORWARD: 'POWER FORWARD'>],25,Team.ORLANDO_MAGIC,11,0,124,22,53,0.415,6,15,0.4,5,9,0.556,15,29,6,14,4,4,5,55,5.0
264,Jaden Ivey,[<Position.SHOOTING_GUARD: 'SHOOTING GUARD'>],20,Team.DETROIT_PISTONS,74,73,2304,409,983,0.416,120,350,0.343,266,356,0.747,73,215,387,61,17,237,242,1204,16.3
265,Frank Jackson,[<Position.POINT_GUARD: 'POINT GUARD'>],24,Team.UTAH_JAZZ,1,0,5,0,3,0.0,0,1,0.0,0,0,,1,1,1,0,0,0,0,0,0.0
266,Isaiah Jackson,[<Position.CENTER: 'CENTER'>],21,Team.INDIANA_PACERS,63,12,1042,179,318,0.563,2,14,0.143,95,146,0.651,113,169,51,31,93,51,154,455,7.2
267,Jaren Jackson Jr.,[<Position.CENTER: 'CENTER'>],23,Team.MEMPHIS_GRIZZLIES,63,63,1787,416,822,0.506,100,282,0.355,241,306,0.788,108,318,60,65,189,107,227,1173,18.6
268,Justin Jackson,[<Position.SMALL_FORWARD: 'SMALL FORWARD'>],27,Team.BOSTON_CELTICS,23,0,107,7,27,0.259,5,20,0.25,1,2,0.5,2,15,9,4,4,2,7,20,0.9
269,Quenton Jackson,[<Position.POINT_GUARD: 'POINT GUARD'>],24,Team.WASHINGTON_WIZARDS,9,0,135,19,42,0.452,1,12,0.083,17,22,0.773,2,6,15,4,1,4,10,56,6.2
270,Reggie Jackson,[<Position.POINT_GUARD: 'POINT GUARD'>],32,Team.LOS_ANGELES_CLIPPERS,52,38,1338,214,512,0.418,77,220,0.35,61,66,0.924,22,94,183,38,5,96,92,566,10.9
271,Reggie Jackson,[<Position.POINT_GUARD: 'POINT GUARD'>],32,Team.DENVER_NUGGETS,16,2,319,49,128,0.383,19,68,0.279,10,12,0.833,3,25,50,9,1,19,22,127,7.9
272,LeBron James,[<Position.POWER_FORWARD: 'POWER FORWARD'>],38,Team.LOS_ANGELES_LAKERS,55,54,1954,609,1219,0.5,121,377,0.321,251,327,0.768,65,392,375,50,32,178,88,1590,28.9
273,Ty Jerome,[<Position.SHOOTING_GUARD: 'SHOOTING GUARD'>],25,Team.GOLDEN_STATE_WARRIORS,45,2,816,118,242,0.488,35,90,0.389,38,41,0.927,7,71,135,23,5,30,64,309,6.9
274,Isaiah Joe,[<Position.SHOOTING_GUARD: 'SHOOTING GUARD'>],23,Team.OKLAHOMA_CITY_THUNDER,73,10,1395,224,508,0.441,161,394,0.409,82,100,0.82,27,148,88,48,8,39,105,691,9.5
275,Alize Johnson,[<Position.POWER_FORWARD: 'POWER FORWARD'>],26,Team.SAN_ANTONIO_SPURS,4,0,30,3,6,0.5,0,2,0.0,1,2,0.5,2,8,1,1,0,4,3,7,1.8
276,Cameron Johnson,[<Position.POWER_FORWARD: 'POWER FORWARD'>],26,Team.PHOENIX_SUNS,17,16,429,82,173,0.474,45,99,0.455,27,33,0.818,14,51,26,15,6,10,29,236,13.9
277,Cameron Johnson,[<Position.POWER_FORWARD: 'POWER FORWARD'>],26,Team.BROOKLYN_NETS,25,25,770,141,301,0.468,58,156,0.372,74,87,0.851,20,100,52,35,8,27,54,414,16.6
278,Jalen Johnson,[<Position.SMALL_FORWARD: 'SMALL FORWARD'>],21,Team.ATLANTA_HAWKS,70,6,1042,158,322,0.491,30,104,0.288,49,78,0.628,51,231,83,38,34,41,113,395,5.6
279,James Johnson,[<Position.POWER_FORWARD: 'POWER FORWARD'>],35,Team.INDIANA_PACERS,18,1,162,22,49,0.449,3,15,0.2,4,8,0.5,4,26,15,7,6,8,32,51,2.8
280,Keldon Johnson,[<Position.SMALL_FORWARD: 'SMALL FORWARD'>],23,Team.SAN_ANTONIO_SPURS,63,63,2063,503,1113,0.452,134,407,0.329,245,327,0.749,56,262,183,46,11,134,125,1385,22.0
281,Keon Johnson,[<Position.SHOOTING_GUARD: 'SHOOTING GUARD'>],20,Team.PORTLAND_TRAIL_BLAZERS,40,0,416,67,178,0.376,28,81,0.346,27,41,0.659,11,33,59,19,6,43,43,189,4.7
282,Stanley Johnson,[<Position.SMALL_FORWARD: 'SMALL FORWARD'>],26,Team.SAN_ANTONIO_SPURS,30,0,469,65,122,0.533,18,40,0.45,26,39,0.667,22,73,67,16,6,33,48,174,5.8
283,Nikola Jokić,[<Position.CENTER: 'CENTER'>],27,Team.DENVER_NUGGETS,69,69,2323,646,1022,0.632,57,149,0.383,341,415,0.822,167,650,678,87,47,247,174,1690,24.5
284,Carlik Jones,[<Position.POINT_GUARD: 'POINT GUARD'>],25,Team.CHICAGO_BULLS,7,0,56,6,15,0.4,3,6,0.5,5,8,0.625,1,4,6,2,0,2,2,20,2.9
285,Damian Jones,[<Position.CENTER: 'CENTER'>],27,Team.LOS_ANGELES_LAKERS,22,1,176,20,37,0.541,0,3,0.0,15,20,0.75,18,37,4,3,12,9,17,55,2.5
286,Damian Jones,[<Position.CENTER: 'CENTER'>],27,Team.UTAH_JAZZ,19,0,301,35,49,0.714,10,14,0.714,7,9,0.778,24,43,11,5,9,14,38,87,4.6
287,Derrick Jones Jr.,[<Position.POWER_FORWARD: 'POWER FORWARD'>],25,Team.CHICAGO_BULLS,64,0,893,115,230,0.5,27,80,0.338,62,84,0.738,60,93,34,29,37,25,86,319,5.0
288,Herbert Jones,[<Position.POWER_FORWARD: 'POWER FORWARD'>],24,Team.NEW_ORLEANS_PELICANS,66,66,1951,235,501,0.469,56,167,0.335,123,161,0.764,97,172,162,103,42,88,208,649,9.8
289,Kai Jones,[<Position.CENTER: 'CENTER'>],22,Team.CHARLOTTE_HORNETS,46,0,550,67,120,0.558,4,19,0.211,19,26,0.731,37,86,15,17,30,31,65,157,3.4
290,Tre Jones,[<Position.POINT_GUARD: 'POINT GUARD'>],23,Team.SAN_ANTONIO_SPURS,68,65,1984,341,743,0.459,45,158,0.285,148,172,0.86,56,189,448,89,9,110,98,875,12.9
291,Tyus Jones,[<Position.POINT_GUARD: 'POINT GUARD'>],26,Team.MEMPHIS_GRIZZLIES,80,22,1940,311,710,0.438,121,326,0.371,80,100,0.8,28,172,417,83,6,74,32,823,10.3
292,DeAndre Jordan,[<Position.CENTER: 'CENTER'>],34,Team.DENVER_NUGGETS,39,8,586,88,115,0.765,1,1,1.0,22,48,0.458,52,150,34,12,23,48,71,199,5.1
293,Cory Joseph,[<Position.POINT_GUARD: 'POINT GUARD'>],31,Team.DETROIT_PISTONS,62,2,1227,150,351,0.427,70,180,0.389,57,72,0.792,21,85,217,34,9,56,88,427,6.9
294,Nikola Jović,[<Position.POWER_FORWARD: 'POWER FORWARD'>],19,Team.MIAMI_HEAT,15,8,204,28,69,0.406,8,35,0.229,18,19,0.947,9,22,10,7,2,10,19,82,5.5
295,Johnny Juzang,[<Position.SHOOTING_GUARD: 'SHOOTING GUARD'>],21,Team.UTAH_JAZZ,18,0,232,35,104,0.337,15,63,0.238,2,4,0.5,8,31,8,4,3,3,13,87,4.8
296,Mfiondu Kabengele,[<Position.POWER_FORWARD: 'POWER FORWARD'>],25,Team.BOSTON_CELTICS,4,0,36,2,7,0.286,0,3,0.0,2,2,1.0,5,5,0,2,0,1,3,6,1.5
297,Frank Kaminsky,[<Position.CENTER: 'CENTER'>],29,Team.ATLANTA_HAWKS,26,0,176,25,44,0.568,11,23,0.478,10,12,0.833,3,33,21,5,1,9,21,71,2.7
298,Frank Kaminsky,[<Position.CENTER: 'CENTER'>],29,Team.HOUSTON_ROCKETS,10,0,59,6,19,0.316,2,10,0.2,4,4,1.0,4,12,11,1,3,0,1,18,1.8
299,Trevor Keels,[<Position.SHOOTING_GUARD: 'SHOOTING GUARD'>],19,Team.NEW_YORK_KNICKS,3,0,8,1,4,0.25,1,4,0.25,0,0,,0,2,0,0,0,0,0,3,1.0
300,Luke Kennard,[<Position.SHOOTING_GUARD: 'SHOOTING GUARD'>],26,Team.LOS_ANGELES_CLIPPERS,35,11,725,98,211,0.464,59,132,0.447,19,20,0.95,6,77,37,19,4,30,47,274,7.8
301,Luke Kennard,[<Position.SHOOTING_GUARD: 'SHOOTING GUARD'>],26,Team.MEMPHIS_GRIZZLIES,24,3,590,90,171,0.526,74,137,0.54,18,19,0.947,9,66,54,13,1,16,35,272,11.3
302,Walker Kessler,[<Position.CENTER: 'CENTER'>],21,Team.UTAH_JAZZ,74,40,1703,298,414,0.72,1,3,0.333,82,159,0.516,231,389,69,26,173,58,169,679,9.2
303,Braxton Key,[<Position.SMALL_FORWARD: 'SMALL FORWARD'>],25,Team.DETROIT_PISTONS,3,0,9,1,1,1.0,0,0,,2,2,1.0,0,1,0,0,0,0,0,4,1.3
304,Louis King,[<Position.POWER_FORWARD: 'POWER FORWARD'>],23,Team.PHILADELPHIA_76ERS,1,0,29,8,13,0.615,4,8,0.5,0,1,0.0,2,2,2,1,0,2,4,20,20.0
305,Corey Kispert,[<Position.SMALL_FORWARD: 'SMALL FORWARD'>],23,Team.WASHINGTON_WIZARDS,74,45,2093,291,585,0.497,163,384,0.424,75,88,0.852,33,174,87,32,9,55,97,820,11.1
306,Maxi Kleber,[<Position.POWER_FORWARD: 'POWER FORWARD'>],31,Team.DALLAS_MAVERICKS,37,5,930,77,169,0.456,39,112,0.348,27,38,0.711,30,105,52,12,30,27,85,220,5.9
307,Nathan Knight,[<Position.CENTER: 'CENTER'>],25,Team.MINNESOTA_TIMBERWOLVES,38,0,291,46,81,0.568,8,22,0.364,39,57,0.684,22,34,13,10,6,21,41,139,3.7
308,Kevin Knox,[<Position.SMALL_FORWARD: 'SMALL FORWARD'>],23,Team.DETROIT_PISTONS,42,1,593,84,179,0.469,43,116,0.371,26,33,0.788,20,88,15,14,12,32,74,237,5.6
309,Kevin Knox,[<Position.POWER_FORWARD: 'POWER FORWARD'>],23,Team.PORTLAND_TRAIL_BLAZERS,21,4,359,68,153,0.444,22,70,0.314,20,27,0.741,14,55,18,10,0,18,21,178,8.5
310,Christian Koloko,[<Position.CENTER: 'CENTER'>],22,Team.TORONTO_RAPTORS,58,19,802,72,150,0.48,1,12,0.083,37,59,0.627,84,87,31,21,57,20,128,182,3.1
311,John Konchar,[<Position.SMALL_FORWARD: 'SMALL FORWARD'>],26,Team.MEMPHIS_GRIZZLIES,72,23,1494,138,320,0.431,60,177,0.339,28,36,0.778,64,246,100,77,25,37,112,364,5.1
312,Furkan Korkmaz,[<Position.SHOOTING_GUARD: 'SHOOTING GUARD'>],25,Team.PHILADELPHIA_76ERS,37,0,353,48,111,0.432,18,46,0.391,26,36,0.722,6,36,22,10,3,24,18,140,3.8
313,Luke Kornet,[<Position.CENTER: 'CENTER'>],27,Team.BOSTON_CELTICS,69,0,804,113,170,0.665,3,13,0.231,32,39,0.821,86,111,53,11,46,25,81,261,3.8
314,Vit Krejci,[<Position.POINT_GUARD: 'POINT GUARD'>],22,Team.ATLANTA_HAWKS,29,0,165,15,37,0.405,5,21,0.238,1,2,0.5,6,20,17,5,1,5,17,36,1.2
315,Jonathan Kuminga,[<Position.POWER_FORWARD: 'POWER FORWARD'>],20,Team.GOLDEN_STATE_WARRIORS,67,16,1394,261,497,0.525,54,146,0.37,90,138,0.652,70,161,125,41,31,95,157,666,9.9
316,Kyle Kuzma,[<Position.POWER_FORWARD: 'POWER FORWARD'>],27,Team.WASHINGTON_WIZARDS,64,64,2239,512,1142,0.448,160,481,0.333,173,237,0.73,55,408,239,36,29,190,145,1357,21.2
317,Anthony Lamb,[<Position.SMALL_FORWARD: 'SMALL FORWARD'>],25,Team.GOLDEN_STATE_WARRIORS,62,4,1195,148,314,0.471,73,199,0.367,46,60,0.767,56,159,96,28,20,54,134,415,6.7
318,Jock Landale,[<Position.CENTER: 'CENTER'>],27,Team.PHOENIX_SUNS,69,4,979,178,337,0.528,21,84,0.25,79,105,0.752,119,161,68,16,30,59,126,456,6.6
319,Romeo Langford,[<Position.SHOOTING_GUARD: 'SHOOTING GUARD'>],23,Team.SAN_ANTONIO_SPURS,43,21,844,121,259,0.467,16,61,0.262,39,56,0.696,57,57,50,24,13,30,67,297,6.9
320,Jake LaRavia,[<Position.POWER_FORWARD: 'POWER FORWARD'>],21,Team.MEMPHIS_GRIZZLIES,35,0,414,37,95,0.389,24,71,0.338,7,9,0.778,19,44,21,12,4,18,49,105,3.0
321,Zach LaVine,[<Position.SHOOTING_GUARD: 'SHOOTING GUARD'>],27,Team.CHICAGO_BULLS,77,77,2768,673,1388,0.485,204,544,0.375,363,428,0.848,42,303,327,69,18,194,159,1913,24.8
322,A.J. Lawson,[<Position.SHOOTING_GUARD: 'SHOOTING GUARD'>],22,Team.MINNESOTA_TIMBERWOLVES,1,0,2,1,1,1.0,0,0,,0,0,,0,1,0,0,0,0,1,2,2.0
323,A.J. Lawson,[<Position.SHOOTING_GUARD: 'SHOOTING GUARD'>],22,Team.DALLAS_MAVERICKS,14,0,106,21,43,0.488,10,25,0.4,2,8,0.25,6,14,2,2,0,3,10,54,3.9
324,Damion Lee,[<Position.SHOOTING_GUARD: 'SHOOTING GUARD'>],30,Team.PHOENIX_SUNS,74,5,1506,200,452,0.442,110,247,0.445,94,104,0.904,39,186,99,30,7,78,118,604,8.2
325,Saben Lee,[<Position.POINT_GUARD: 'POINT GUARD'>],23,Team.PHILADELPHIA_76ERS,2,0,10,3,4,0.75,0,1,0.0,0,0,,0,0,2,1,0,3,1,6,3.0
326,Saben Lee,[<Position.POINT_GUARD: 'POINT GUARD'>],23,Team.PHOENIX_SUNS,23,1,363,46,117,0.393,11,29,0.379,42,57,0.737,13,32,65,18,1,21,31,145,6.3
327,Alex Len,[<Position.CENTER: 'CENTER'>],29,Team.SACRAMENTO_KINGS,26,2,161,16,30,0.533,0,2,0.0,11,16,0.688,24,36,12,4,11,16,28,43,1.7
328,Kawhi Leonard,[<Position.SMALL_FORWARD: 'SMALL FORWARD'>],31,Team.LOS_ANGELES_CLIPPERS,52,50,1748,446,871,0.512,104,250,0.416,243,279,0.871,57,281,204,72,28,88,84,1239,23.8
329,Meyers Leonard,[<Position.CENTER: 'CENTER'>],30,Team.MILWAUKEE_BUCKS,9,2,114,14,29,0.483,7,18,0.389,8,9,0.889,12,22,1,2,0,6,16,43,4.8
330,Caris LeVert,[<Position.SHOOTING_GUARD: 'SHOOTING GUARD'>],28,Team.CLEVELAND_CAVALIERS,74,30,2237,320,742,0.431,127,324,0.392,130,180,0.722,53,229,287,72,24,116,170,897,12.1
331,Kira Lewis Jr.,[<Position.POINT_GUARD: 'POINT GUARD'>],21,Team.NEW_ORLEANS_PELICANS,25,0,235,40,88,0.455,15,34,0.441,19,22,0.864,5,28,23,10,2,10,24,114,4.6
332,Damian Lillard,[<Position.POINT_GUARD: 'POINT GUARD'>],32,Team.PORTLAND_TRAIL_BLAZERS,58,58,2107,556,1202,0.463,244,658,0.371,510,558,0.914,44,233,425,50,18,191,109,1866,32.2
333,Nassir Little,[<Position.SMALL_FORWARD: 'SMALL FORWARD'>],22,Team.PORTLAND_TRAIL_BLAZERS,54,4,976,134,303,0.442,58,158,0.367,33,46,0.717,27,114,50,20,20,36,66,359,6.6
334,Isaiah Livers,[<Position.POWER_FORWARD: 'POWER FORWARD'>],24,Team.DETROIT_PISTONS,52,22,1199,120,288,0.417,74,203,0.365,32,39,0.821,28,115,41,28,28,30,103,346,6.7
335,Kenneth Lofton Jr.,[<Position.POWER_FORWARD: 'POWER FORWARD'>],20,Team.MEMPHIS_GRIZZLIES,24,1,176,49,93,0.527,6,17,0.353,16,27,0.593,19,32,20,5,2,12,28,120,5.0
336,Kevon Looney,[<Position.CENTER: 'CENTER'>],26,Team.GOLDEN_STATE_WARRIORS,82,70,1958,242,384,0.63,0,1,0.0,94,155,0.606,274,486,207,52,50,45,225,578,7.0
337,Brook Lopez,[<Position.CENTER: 'CENTER'>],34,Team.MILWAUKEE_BUCKS,78,78,2373,477,899,0.531,136,364,0.374,149,190,0.784,157,363,99,37,193,107,203,1239,15.9
338,Robin Lopez,[<Position.CENTER: 'CENTER'>],34,Team.CLEVELAND_CAVALIERS,37,2,299,48,75,0.64,2,4,0.5,14,18,0.778,23,28,19,2,8,25,43,112,3.0
339,Kevin Love,[<Position.POWER_FORWARD: 'POWER FORWARD'>],34,Team.CLEVELAND_CAVALIERS,41,3,821,111,285,0.389,69,195,0.354,56,63,0.889,42,238,76,7,7,47,65,347,8.5
340,Kevin Love,[<Position.POWER_FORWARD: 'POWER FORWARD'>],34,Team.MIAMI_HEAT,21,17,419,54,139,0.388,30,101,0.297,24,28,0.857,17,102,40,9,5,23,32,162,7.7
341,Kyle Lowry,[<Position.POINT_GUARD: 'POINT GUARD'>],36,Team.MIAMI_HEAT,55,44,1718,196,485,0.404,107,310,0.345,116,135,0.859,43,182,281,57,21,103,143,615,11.2
342,Trey Lyles,[<Position.POWER_FORWARD: 'POWER FORWARD'>],27,Team.SACRAMENTO_KINGS,74,0,1247,187,408,0.458,87,240,0.362,101,124,0.815,68,232,66,27,31,64,97,562,7.6
343,Théo Maledon,[<Position.POINT_GUARD: 'POINT GUARD'>],21,Team.CHARLOTTE_HORNETS,44,7,854,102,254,0.402,28,95,0.295,63,74,0.851,14,109,152,37,12,59,61,295,6.7
344,Sandro Mamukelashvili,[<Position.CENTER: 'CENTER'>],23,Team.MILWAUKEE_BUCKS,24,0,217,19,58,0.328,7,32,0.219,12,18,0.667,18,38,16,4,5,9,19,57,2.4
345,Sandro Mamukelashvili,[<Position.CENTER: 'CENTER'>],23,Team.SAN_ANTONIO_SPURS,19,7,443,78,172,0.453,23,67,0.343,27,39,0.692,52,77,46,10,7,26,33,206,10.8
346,Terance Mann,[<Position.SHOOTING_GUARD: 'SHOOTING GUARD'>],26,Team.LOS_ANGELES_CLIPPERS,81,36,1872,272,524,0.519,77,198,0.389,92,118,0.78,77,199,184,42,22,80,149,713,8.8
347,Tre Mann,[<Position.POINT_GUARD: 'POINT GUARD'>],21,Team.OKLAHOMA_CITY_THUNDER,67,5,1183,197,501,0.393,81,257,0.315,42,55,0.764,27,128,120,40,11,62,99,517,7.7
348,Boban Marjanović,[<Position.CENTER: 'CENTER'>],34,Team.HOUSTON_ROCKETS,31,0,171,41,60,0.683,0,1,0.0,20,27,0.741,20,40,9,5,2,14,10,102,3.3
349,Lauri Markkanen,[<Position.POWER_FORWARD: 'POWER FORWARD'>],25,Team.UTAH_JAZZ,66,66,2273,571,1145,0.499,200,511,0.391,349,399,0.875,130,440,123,42,38,127,137,1691,25.6
350,Naji Marshall,[<Position.SMALL_FORWARD: 'SMALL FORWARD'>],25,Team.NEW_ORLEANS_PELICANS,77,21,1792,247,571,0.433,66,218,0.303,138,175,0.789,48,231,189,54,14,97,113,698,9.1
351,Caleb Martin,[<Position.SMALL_FORWARD: 'SMALL FORWARD'>],27,Team.MIAMI_HEAT,71,49,2077,254,548,0.464,84,236,0.356,91,113,0.805,88,256,117,71,31,78,145,683,9.6
352,Cody Martin,[<Position.SMALL_FORWARD: 'SMALL FORWARD'>],27,Team.CHARLOTTE_HORNETS,7,0,134,14,36,0.389,3,14,0.214,4,7,0.571,8,16,11,4,1,2,13,35,5.0
353,Kenyon Martin Jr.,[<Position.SMALL_FORWARD: 'SMALL FORWARD'>],22,Team.HOUSTON_ROCKETS,82,49,2292,410,720,0.569,68,216,0.315,151,222,0.68,126,326,123,41,30,91,147,1039,12.7
354,Tyrese Martin,[<Position.SHOOTING_GUARD: 'SHOOTING GUARD'>],23,Team.ATLANTA_HAWKS,16,0,66,9,23,0.391,1,7,0.143,2,2,1.0,5,7,2,1,0,2,2,21,1.3
355,Garrison Mathews,[<Position.SHOOTING_GUARD: 'SHOOTING GUARD'>],26,Team.HOUSTON_ROCKETS,45,0,602,60,170,0.353,53,155,0.342,41,45,0.911,10,52,23,23,4,18,56,214,4.8
356,Garrison Mathews,[<Position.SHOOTING_GUARD: 'SHOOTING GUARD'>],26,Team.ATLANTA_HAWKS,9,0,84,13,31,0.419,10,25,0.4,7,8,0.875,1,10,3,1,1,1,6,43,4.8
357,Bennedict Mathurin,[<Position.SHOOTING_GUARD: 'SHOOTING GUARD'>],20,Team.INDIANA_PACERS,78,17,2222,413,951,0.434,100,310,0.323,376,454,0.828,87,231,116,48,13,152,162,1302,16.7
358,Wesley Matthews,[<Position.SMALL_FORWARD: 'SMALL FORWARD'>],36,Team.MILWAUKEE_BUCKS,52,0,820,58,160,0.362,39,124,0.315,24,28,0.857,34,79,34,20,13,18,71,179,3.4
359,Tyrese Maxey,[<Position.SHOOTING_GUARD: 'SHOOTING GUARD'>],22,Team.PHILADELPHIA_76ERS,60,41,2016,439,913,0.481,160,369,0.434,180,213,0.845,23,153,212,49,8,80,132,1218,20.3
360,Skylar Mays,[<Position.POINT_GUARD: 'POINT GUARD'>],25,Team.PORTLAND_TRAIL_BLAZERS,6,6,189,34,68,0.5,12,26,0.462,12,13,0.923,2,17,50,6,1,10,11,92,15.3
361,Miles McBride,[<Position.POINT_GUARD: 'POINT GUARD'>],22,Team.NEW_YORK_KNICKS,64,2,760,77,215,0.358,40,134,0.299,28,42,0.667,13,37,72,37,8,25,60,222,3.5
362,Mac McClung,[<Position.SHOOTING_GUARD: 'SHOOTING GUARD'>],24,Team.PHILADELPHIA_76ERS,2,0,41,9,20,0.45,4,11,0.364,3,5,0.6,3,7,9,0,0,3,3,25,12.5
363,CJ McCollum,[<Position.SHOOTING_GUARD: 'SHOOTING GUARD'>],31,Team.NEW_ORLEANS_PELICANS,75,75,2649,587,1344,0.437,211,543,0.389,183,238,0.769,55,273,429,70,38,183,153,1568,20.9
364,T.J. McConnell,[<Position.POINT_GUARD: 'POINT GUARD'>],30,Team.INDIANA_PACERS,75,6,1526,283,521,0.543,26,59,0.441,58,68,0.853,45,189,397,81,10,143,105,650,8.7
365,Jaden McDaniels,[<Position.SMALL_FORWARD: 'SMALL FORWARD'>],22,Team.MINNESOTA_TIMBERWOLVES,79,79,2416,370,716,0.517,107,269,0.398,106,144,0.736,92,215,148,74,76,112,272,953,12.1
366,Jalen McDaniels,[<Position.SMALL_FORWARD: 'SMALL FORWARD'>],25,Team.CHARLOTTE_HORNETS,56,21,1494,221,494,0.447,65,202,0.322,88,104,0.846,44,226,111,66,29,80,158,595,10.6
367,Jalen McDaniels,[<Position.SMALL_FORWARD: 'SMALL FORWARD'>],25,Team.PHILADELPHIA_76ERS,24,3,419,60,123,0.488,12,30,0.4,28,34,0.824,19,57,19,17,5,13,51,160,6.7
368,Doug McDermott,[<Position.SMALL_FORWARD: 'SMALL FORWARD'>],31,Team.SAN_ANTONIO_SPURS,64,0,1314,239,523,0.457,123,298,0.413,53,70,0.757,24,115,91,13,6,58,118,654,10.2
369,JaVale McGee,[<Position.CENTER: 'CENTER'>],35,Team.DALLAS_MAVERICKS,42,7,355,80,125,0.64,2,5,0.4,24,41,0.585,30,77,11,4,26,36,54,186,4.4
370,Bryce McGowens,[<Position.SHOOTING_GUARD: 'SHOOTING GUARD'>],20,Team.CHARLOTTE_HORNETS,46,7,787,80,202,0.396,26,80,0.325,60,80,0.75,20,73,54,15,6,43,48,246,5.3
371,Rodney McGruder,[<Position.SHOOTING_GUARD: 'SHOOTING GUARD'>],31,Team.DETROIT_PISTONS,32,12,524,62,152,0.408,41,97,0.423,18,22,0.818,20,54,28,16,1,11,39,183,5.7
372,Jordan McLaughlin,[<Position.POINT_GUARD: 'POINT GUARD'>],26,Team.MINNESOTA_TIMBERWOLVES,43,0,678,61,145,0.421,24,78,0.308,15,18,0.833,15,47,148,32,4,33,28,161,3.7
373,De'Anthony Melton,[<Position.SHOOTING_GUARD: 'SHOOTING GUARD'>],24,Team.PHILADELPHIA_76ERS,77,58,2150,277,651,0.425,157,403,0.39,69,87,0.793,69,243,197,126,41,102,191,780,10.1
374,Sam Merrill,[<Position.SHOOTING_GUARD: 'SHOOTING GUARD'>],26,Team.CLEVELAND_CAVALIERS,5,0,59,9,22,0.409,5,18,0.278,2,2,1.0,0,9,5,4,0,0,3,25,5.0
375,Chimezie Metu,[<Position.POWER_FORWARD: 'POWER FORWARD'>],25,Team.SACRAMENTO_KINGS,66,0,689,129,219,0.589,9,38,0.237,54,73,0.74,47,151,40,22,21,32,81,321,4.9
376,Khris Middleton,[<Position.SMALL_FORWARD: 'SMALL FORWARD'>],31,Team.MILWAUKEE_BUCKS,33,19,801,177,406,0.436,51,162,0.315,92,102,0.902,28,112,163,23,5,71,68,497,15.1
377,Patty Mills,[<Position.POINT_GUARD: 'POINT GUARD'>],34,Team.BROOKLYN_NETS,40,2,567,86,209,0.411,49,134,0.366,25,30,0.833,8,36,56,15,3,30,32,246,6.2
378,Shake Milton,[<Position.SHOOTING_GUARD: 'SHOOTING GUARD'>],26,Team.PHILADELPHIA_76ERS,76,11,1567,241,503,0.479,56,148,0.378,99,116,0.853,39,152,240,25,13,94,123,637,8.4
379,Justin Minaya,[<Position.SMALL_FORWARD: 'SMALL FORWARD'>],23,Team.PORTLAND_TRAIL_BLAZERS,4,0,89,7,23,0.304,3,12,0.25,0,1,0.0,3,12,4,2,5,4,9,17,4.2
380,Josh Minott,[<Position.SMALL_FORWARD: 'SMALL FORWARD'>],20,Team.MINNESOTA_TIMBERWOLVES,15,0,96,18,36,0.5,2,6,0.333,8,8,1.0,5,20,5,4,6,3,10,46,3.1
381,Davion Mitchell,[<Position.POINT_GUARD: 'POINT GUARD'>],24,Team.SACRAMENTO_KINGS,80,9,1447,181,399,0.454,63,197,0.32,25,31,0.806,16,89,185,44,15,62,112,450,5.6
382,Donovan Mitchell,[<Position.SHOOTING_GUARD: 'SHOOTING GUARD'>],26,Team.CLEVELAND_CAVALIERS,68,68,2432,679,1402,0.484,245,635,0.386,319,368,0.867,63,226,301,99,27,180,168,1922,28.3
383,Evan Mobley,[<Position.POWER_FORWARD: 'POWER FORWARD'>],21,Team.CLEVELAND_CAVALIERS,79,79,2715,525,947,0.554,22,102,0.216,205,304,0.674,187,524,224,60,119,146,218,1277,16.2
384,Isaiah Mobley,[<Position.POWER_FORWARD: 'POWER FORWARD'>],23,Team.CLEVELAND_CAVALIERS,12,0,84,12,28,0.429,3,8,0.375,4,4,1.0,4,16,3,4,3,1,8,31,2.6
385,Chima Moneke,[<Position.SMALL_FORWARD: 'SMALL FORWARD'>],27,Team.SACRAMENTO_KINGS,2,0,8,1,2,0.5,0,0,,0,2,0.0,2,0,1,0,0,2,2,2,1.0
386,Malik Monk,[<Position.SHOOTING_GUARD: 'SHOOTING GUARD'>],24,Team.SACRAMENTO_KINGS,77,0,1719,357,796,0.448,143,398,0.359,184,207,0.889,32,171,298,49,20,146,125,1041,13.5
387,Moses Moody,[<Position.SHOOTING_GUARD: 'SHOOTING GUARD'>],20,Team.GOLDEN_STATE_WARRIORS,63,3,817,108,227,0.476,49,135,0.363,37,53,0.698,28,77,51,18,7,34,54,302,4.8
388,Xavier Moon,[<Position.SHOOTING_GUARD: 'SHOOTING GUARD'>],28,Team.LOS_ANGELES_CLIPPERS,4,0,20,3,9,0.333,1,3,0.333,0,0,,0,3,5,0,0,1,2,7,1.8
389,Wendell Moore Jr.,[<Position.SHOOTING_GUARD: 'SHOOTING GUARD'>],21,Team.MINNESOTA_TIMBERWOLVES,29,2,153,18,43,0.419,2,17,0.118,4,5,0.8,4,14,18,8,5,8,13,42,1.4
390,Ja Morant,[<Position.POINT_GUARD: 'POINT GUARD'>],23,Team.MEMPHIS_GRIZZLIES,61,59,1948,566,1214,0.466,92,300,0.307,372,497,0.748,61,296,493,66,16,206,100,1596,26.2
391,Marcus Morris,[<Position.POWER_FORWARD: 'POWER FORWARD'>],33,Team.LOS_ANGELES_CLIPPERS,65,65,1825,274,643,0.426,112,308,0.364,68,87,0.782,29,229,114,42,21,56,136,728,11.2
392,Markieff Morris,[<Position.POWER_FORWARD: 'POWER FORWARD'>],33,Team.BROOKLYN_NETS,27,1,285,33,82,0.402,20,49,0.408,10,10,1.0,13,46,25,8,5,14,33,96,3.6
393,Markieff Morris,[<Position.POWER_FORWARD: 'POWER FORWARD'>],33,Team.DALLAS_MAVERICKS,8,1,70,14,33,0.424,8,22,0.364,0,0,,0,12,6,1,0,4,15,36,4.5
394,Monte Morris,[<Position.POINT_GUARD: 'POINT GUARD'>],27,Team.WASHINGTON_WIZARDS,62,61,1695,247,515,0.48,78,204,0.382,64,77,0.831,26,184,326,43,13,60,75,636,10.3
395,Trey Murphy III,[<Position.SMALL_FORWARD: 'SMALL FORWARD'>],22,Team.NEW_ORLEANS_PELICANS,79,65,2448,387,800,0.484,202,497,0.406,172,190,0.905,59,222,112,89,43,61,155,1148,14.5
396,Dejounte Murray,[<Position.SHOOTING_GUARD: 'SHOOTING GUARD'>],26,Team.ATLANTA_HAWKS,74,74,2693,612,1319,0.464,133,387,0.344,158,190,0.832,53,336,448,112,19,160,106,1515,20.5
397,Jamal Murray,[<Position.POINT_GUARD: 'POINT GUARD'>],25,Team.DENVER_NUGGETS,65,65,2133,473,1041,0.454,172,432,0.398,180,216,0.833,48,209,400,66,16,145,103,1298,20.0
398,Keegan Murray,[<Position.SMALL_FORWARD: 'SMALL FORWARD'>],22,Team.SACRAMENTO_KINGS,80,78,2382,354,782,0.453,206,501,0.411,62,81,0.765,89,282,98,61,42,60,162,976,12.2
399,Mike Muscala,[<Position.CENTER: 'CENTER'>],31,Team.OKLAHOMA_CITY_THUNDER,43,5,622,89,203,0.438,56,142,0.394,31,39,0.795,23,112,38,11,19,14,70,265,6.2
400,Mike Muscala,[<Position.CENTER: 'CENTER'>],31,Team.BOSTON_CELTICS,20,4,323,42,89,0.472,25,65,0.385,9,13,0.692,14,54,12,4,5,9,28,118,5.9
401,Svi Mykhailiuk,[<Position.SMALL_FORWARD: 'SMALL FORWARD'>],25,Team.NEW_YORK_KNICKS,13,0,40,6,12,0.5,6,10,0.6,3,5,0.6,0,7,1,1,0,2,1,21,1.6
402,Svi Mykhailiuk,[<Position.SMALL_FORWARD: 'SMALL FORWARD'>],25,Team.CHARLOTTE_HORNETS,19,8,428,71,161,0.441,36,89,0.404,23,34,0.676,15,31,52,14,4,22,22,201,10.6
403,Larry Nance Jr.,[<Position.CENTER: 'CENTER'>],30,Team.NEW_ORLEANS_PELICANS,65,1,1381,186,305,0.61,14,42,0.333,55,79,0.696,106,248,119,56,37,42,133,441,6.8
404,Andrew Nembhard,[<Position.SHOOTING_GUARD: 'SHOOTING GUARD'>],23,Team.INDIANA_PACERS,75,63,2073,284,644,0.441,92,263,0.35,49,62,0.79,35,164,341,70,13,126,179,709,9.5
405,Aaron Nesmith,[<Position.SMALL_FORWARD: 'SMALL FORWARD'>],23,Team.INDIANA_PACERS,73,60,1816,252,590,0.427,115,314,0.366,119,142,0.838,62,215,98,55,34,75,235,738,10.1
406,Raul Neto,[<Position.POINT_GUARD: 'POINT GUARD'>],30,Team.CLEVELAND_CAVALIERS,48,1,505,57,110,0.518,12,42,0.286,31,34,0.912,10,36,79,17,4,24,49,157,3.3
407,Georges Niang,[<Position.POWER_FORWARD: 'POWER FORWARD'>],29,Team.PHILADELPHIA_76ERS,78,1,1512,222,502,0.442,154,384,0.401,39,45,0.867,19,166,77,30,14,54,145,637,8.2
408,Daishen Nix,[<Position.POINT_GUARD: 'POINT GUARD'>],20,Team.HOUSTON_ROCKETS,57,7,914,81,237,0.342,40,140,0.286,24,36,0.667,18,80,132,31,7,86,59,226,4.0
409,Zeke Nnaji,[<Position.POWER_FORWARD: 'POWER FORWARD'>],22,Team.DENVER_NUGGETS,53,5,728,110,196,0.561,17,65,0.262,40,62,0.645,65,73,18,17,23,31,105,277,5.2
410,Nerlens Noel,[<Position.CENTER: 'CENTER'>],28,Team.DETROIT_PISTONS,14,3,152,12,30,0.4,1,2,0.5,7,10,0.7,7,30,7,13,9,8,25,32,2.3
411,Nerlens Noel,[<Position.CENTER: 'CENTER'>],28,Team.BROOKLYN_NETS,3,1,43,1,6,0.167,0,0,,1,2,0.5,3,6,3,3,1,5,7,3,1.0
412,Jaylen Nowell,[<Position.SHOOTING_GUARD: 'SHOOTING GUARD'>],23,Team.MINNESOTA_TIMBERWOLVES,65,2,1252,280,625,0.448,67,232,0.289,77,99,0.778,36,134,132,42,5,65,101,704,10.8
413,Frank Ntilikina,[<Position.SHOOTING_GUARD: 'SHOOTING GUARD'>],24,Team.DALLAS_MAVERICKS,47,5,607,48,132,0.364,17,67,0.254,22,33,0.667,7,55,58,16,7,29,65,135,2.9
414,Kendrick Nunn,[<Position.SHOOTING_GUARD: 'SHOOTING GUARD'>],27,Team.LOS_ANGELES_LAKERS,39,2,528,102,251,0.406,41,126,0.325,17,21,0.81,5,50,34,11,3,31,35,262,6.7
415,Kendrick Nunn,[<Position.SHOOTING_GUARD: 'SHOOTING GUARD'>],27,Team.WASHINGTON_WIZARDS,31,0,436,89,199,0.447,38,97,0.392,18,20,0.9,10,44,56,17,4,35,31,234,7.5
416,Jusuf Nurkić,[<Position.CENTER: 'CENTER'>],28,Team.PORTLAND_TRAIL_BLAZERS,52,52,1391,262,505,0.519,43,119,0.361,127,192,0.661,114,357,149,43,44,119,185,694,13.3
417,Jordan Nwora,[<Position.SMALL_FORWARD: 'SMALL FORWARD'>],24,Team.MILWAUKEE_BUCKS,38,3,597,76,197,0.386,40,102,0.392,37,43,0.86,29,88,38,12,7,34,34,229,6.0
418,Jordan Nwora,[<Position.SMALL_FORWARD: 'SMALL FORWARD'>],24,Team.INDIANA_PACERS,24,11,591,118,248,0.476,46,109,0.422,31,43,0.721,22,90,50,12,7,32,40,313,13.0
419,Royce O'Neale,[<Position.SMALL_FORWARD: 'SMALL FORWARD'>],29,Team.BROOKLYN_NETS,76,53,2409,229,593,0.386,163,419,0.389,50,69,0.725,55,329,283,65,49,114,239,671,8.8
420,Chuma Okeke,[<Position.SMALL_FORWARD: 'SMALL FORWARD'>],24,Team.ORLANDO_MAGIC,27,8,518,43,122,0.352,26,86,0.302,16,21,0.762,26,70,37,19,11,17,40,128,4.7
421,Josh Okogie,[<Position.SHOOTING_GUARD: 'SHOOTING GUARD'>],24,Team.PHOENIX_SUNS,72,26,1350,162,414,0.391,66,197,0.335,139,192,0.724,109,142,105,56,34,63,114,529,7.3
422,Onyeka Okongwu,[<Position.CENTER: 'CENTER'>],22,Team.ATLANTA_HAWKS,80,18,1849,317,497,0.638,4,13,0.308,153,196,0.781,217,359,81,56,107,81,251,791,9.9
423,Isaac Okoro,[<Position.SMALL_FORWARD: 'SMALL FORWARD'>],22,Team.CLEVELAND_CAVALIERS,76,46,1652,175,354,0.494,62,171,0.363,78,103,0.757,52,135,87,56,30,42,158,490,6.4
424,KZ Okpala,[<Position.POWER_FORWARD: 'POWER FORWARD'>],23,Team.SACRAMENTO_KINGS,35,3,248,16,38,0.421,7,21,0.333,7,8,0.875,7,27,13,7,7,7,39,46,1.3
425,Victor Oladipo,[<Position.SHOOTING_GUARD: 'SHOOTING GUARD'>],30,Team.MIAMI_HEAT,42,2,1106,160,403,0.397,70,212,0.33,59,79,0.747,16,112,146,57,12,87,99,449,10.7
426,Kelly Olynyk,[<Position.CENTER: 'CENTER'>],31,Team.UTAH_JAZZ,68,68,1942,278,557,0.499,93,236,0.394,198,232,0.853,82,338,252,60,37,168,232,847,12.5
427,Eugene Omoruyi,[<Position.SMALL_FORWARD: 'SMALL FORWARD'>],25,Team.OKLAHOMA_CITY_THUNDER,23,2,272,44,94,0.468,8,31,0.258,17,28,0.607,22,30,11,14,0,16,46,113,4.9
428,Eugene Omoruyi,[<Position.SMALL_FORWARD: 'SMALL FORWARD'>],25,Team.DETROIT_PISTONS,17,4,373,57,134,0.425,17,58,0.293,34,47,0.723,21,38,17,14,3,18,45,165,9.7
429,Cedi Osman,[<Position.SMALL_FORWARD: 'SMALL FORWARD'>],27,Team.CLEVELAND_CAVALIERS,77,2,1548,239,530,0.451,116,312,0.372,75,108,0.694,25,151,115,35,11,52,122,669,8.7
430,Kelly Oubre Jr.,[<Position.SMALL_FORWARD: 'SMALL FORWARD'>],27,Team.CHARLOTTE_HORNETS,48,40,1548,353,819,0.431,108,339,0.319,158,208,0.76,65,184,54,68,18,64,141,972,20.2
431,Chris Paul,[<Position.POINT_GUARD: 'POINT GUARD'>],37,Team.PHOENIX_SUNS,59,59,1889,294,668,0.44,98,261,0.375,133,160,0.831,27,224,524,91,22,114,126,819,13.9
432,Cameron Payne,[<Position.POINT_GUARD: 'POINT GUARD'>],28,Team.PHOENIX_SUNS,48,15,968,188,453,0.415,68,185,0.368,49,64,0.766,12,94,214,33,8,81,88,493,10.3
433,Gary Payton II,[<Position.SHOOTING_GUARD: 'SHOOTING GUARD'>],30,Team.PORTLAND_TRAIL_BLAZERS,15,1,255,24,41,0.585,9,17,0.529,4,4,1.0,10,29,22,16,1,12,29,61,4.1
434,Gary Payton II,[<Position.SHOOTING_GUARD: 'SHOOTING GUARD'>],30,Team.GOLDEN_STATE_WARRIORS,7,0,112,17,28,0.607,4,9,0.444,2,3,0.667,14,16,8,6,4,4,14,40,5.7
435,Theo Pinson,[<Position.SHOOTING_GUARD: 'SHOOTING GUARD'>],27,Team.DALLAS_MAVERICKS,40,1,323,31,87,0.356,22,62,0.355,11,13,0.846,10,53,46,6,1,12,34,95,2.4
436,Scotty Pippen Jr.,[<Position.POINT_GUARD: 'POINT GUARD'>],22,Team.LOS_ANGELES_LAKERS,6,0,32,4,12,0.333,1,3,0.333,5,9,0.556,2,2,2,2,1,2,3,14,2.3
437,Mason Plumlee,[<Position.CENTER: 'CENTER'>],32,Team.CHARLOTTE_HORNETS,56,56,1597,265,396,0.669,0,0,,155,256,0.605,187,354,205,35,35,87,161,685,12.2
438,Mason Plumlee,[<Position.CENTER: 'CENTER'>],32,Team.LOS_ANGELES_CLIPPERS,23,4,457,64,88,0.727,0,0,,44,57,0.772,42,117,40,11,12,30,56,172,7.5
439,Jakob Poeltl,[<Position.CENTER: 'CENTER'>],27,Team.SAN_ANTONIO_SPURS,46,46,1199,239,388,0.616,0,1,0.0,78,129,0.605,152,264,141,36,52,96,118,556,12.1
440,Jakob Poeltl,[<Position.CENTER: 'CENTER'>],27,Team.TORONTO_RAPTORS,26,25,707,150,230,0.652,0,0,,41,72,0.569,84,153,56,30,34,29,77,341,13.1
441,Aleksej Pokusevski,[<Position.POWER_FORWARD: 'POWER FORWARD'>],21,Team.OKLAHOMA_CITY_THUNDER,34,25,701,108,249,0.434,38,104,0.365,22,35,0.629,45,114,64,20,43,43,58,276,8.1
442,Jordan Poole,[<Position.POINT_GUARD: 'POINT GUARD'>],23,Team.GOLDEN_STATE_WARRIORS,82,43,2458,550,1278,0.43,214,637,0.336,361,415,0.87,32,193,369,63,21,252,214,1675,20.4
443,Kevin Porter Jr.,[<Position.POINT_GUARD: 'POINT GUARD'>],22,Team.HOUSTON_ROCKETS,59,59,2024,391,884,0.442,141,385,0.366,207,264,0.784,76,238,338,82,17,188,156,1130,19.2
444,Michael Porter Jr.,[<Position.SMALL_FORWARD: 'SMALL FORWARD'>],24,Team.DENVER_NUGGETS,62,62,1798,398,817,0.487,188,454,0.414,96,120,0.8,64,277,65,37,29,68,119,1080,17.4
445,Otto Porter Jr.,[<Position.SMALL_FORWARD: 'SMALL FORWARD'>],29,Team.TORONTO_RAPTORS,8,2,146,15,30,0.5,6,17,0.353,8,8,1.0,6,13,8,11,0,4,7,44,5.5
446,Bobby Portis,[<Position.POWER_FORWARD: 'POWER FORWARD'>],27,Team.MILWAUKEE_BUCKS,70,22,1818,398,803,0.496,95,257,0.37,96,125,0.768,154,518,105,29,16,81,115,987,14.1
447,Kristaps Porziņģis,[<Position.CENTER: 'CENTER'>],27,Team.WASHINGTON_WIZARDS,65,65,2120,507,1018,0.498,137,356,0.385,354,416,0.851,114,432,174,58,100,137,196,1505,23.2
448,Micah Potter,[<Position.POWER_FORWARD: 'POWER FORWARD'>],24,Team.UTAH_JAZZ,7,0,52,10,15,0.667,4,7,0.571,0,0,,3,13,4,1,0,2,5,24,3.4
449,Dwight Powell,[<Position.CENTER: 'CENTER'>],31,Team.DALLAS_MAVERICKS,76,64,1458,197,269,0.732,0,5,0.0,112,168,0.667,149,165,69,48,26,65,209,506,6.7
450,Norman Powell,[<Position.SHOOTING_GUARD: 'SHOOTING GUARD'>],29,Team.LOS_ANGELES_CLIPPERS,60,8,1567,340,710,0.479,114,287,0.397,225,277,0.812,24,151,109,50,18,101,125,1019,17.0
451,Jason Preston,[<Position.POINT_GUARD: 'POINT GUARD'>],23,Team.LOS_ANGELES_CLIPPERS,14,0,124,18,41,0.439,5,18,0.278,0,2,0.0,2,20,27,2,0,10,7,41,2.9
452,Joshua Primo,[<Position.SHOOTING_GUARD: 'SHOOTING GUARD'>],20,Team.SAN_ANTONIO_SPURS,4,0,93,9,26,0.346,3,12,0.25,7,9,0.778,2,11,18,1,2,11,8,28,7.0
453,Taurean Prince,[<Position.POWER_FORWARD: 'POWER FORWARD'>],28,Team.MINNESOTA_TIMBERWOLVES,54,4,1192,177,379,0.467,74,194,0.381,65,77,0.844,15,117,84,28,15,69,123,493,9.1
454,Payton Pritchard,[<Position.POINT_GUARD: 'POINT GUARD'>],25,Team.BOSTON_CELTICS,48,3,643,101,245,0.412,56,154,0.364,12,16,0.75,25,63,64,14,1,40,37,270,5.6
455,Trevelin Queen,[<Position.SHOOTING_GUARD: 'SHOOTING GUARD'>],25,Team.INDIANA_PACERS,7,0,70,7,29,0.241,2,15,0.133,5,5,1.0,8,9,6,2,5,7,4,21,3.0
456,Neemias Queta,[<Position.CENTER: 'CENTER'>],23,Team.SACRAMENTO_KINGS,5,0,29,6,9,0.667,0,0,,0,2,0.0,5,6,1,0,2,1,7,12,2.4
457,Immanuel Quickley,[<Position.SHOOTING_GUARD: 'SHOOTING GUARD'>],23,Team.NEW_YORK_KNICKS,81,21,2344,419,936,0.448,168,454,0.37,203,248,0.819,58,279,279,80,14,100,166,1209,14.9
458,Lester Quinones,[<Position.SHOOTING_GUARD: 'SHOOTING GUARD'>],22,Team.GOLDEN_STATE_WARRIORS,4,0,18,2,5,0.4,2,4,0.5,4,6,0.667,1,2,2,1,0,5,0,10,2.5
459,Julius Randle,[<Position.POWER_FORWARD: 'POWER FORWARD'>],28,Team.NEW_YORK_KNICKS,77,77,2737,658,1432,0.459,218,636,0.343,402,531,0.757,141,626,316,49,21,216,233,1936,25.1
460,Austin Reaves,[<Position.SHOOTING_GUARD: 'SHOOTING GUARD'>],24,Team.LOS_ANGELES_LAKERS,64,22,1843,259,490,0.529,86,216,0.398,229,265,0.864,33,160,215,33,19,99,108,833,13.0
461,Cam Reddish,[<Position.SMALL_FORWARD: 'SMALL FORWARD'>],23,Team.NEW_YORK_KNICKS,20,8,438,61,136,0.449,17,56,0.304,29,33,0.879,7,24,20,15,8,15,32,168,8.4
462,Cam Reddish,[<Position.SMALL_FORWARD: 'SMALL FORWARD'>],23,Team.PORTLAND_TRAIL_BLAZERS,20,12,552,78,176,0.443,28,88,0.318,35,42,0.833,11,46,37,24,6,32,40,219,11.0
463,Davon Reed,[<Position.SHOOTING_GUARD: 'SHOOTING GUARD'>],27,Team.DENVER_NUGGETS,35,1,315,25,80,0.312,16,44,0.364,15,20,0.75,9,46,19,13,4,20,36,81,2.3
464,Davon Reed,[<Position.SHOOTING_GUARD: 'SHOOTING GUARD'>],27,Team.LOS_ANGELES_LAKERS,8,0,27,3,4,0.75,1,2,0.5,1,4,0.25,1,3,4,2,0,0,3,8,1.0
465,Paul Reed,[<Position.CENTER: 'CENTER'>],23,Team.PHILADELPHIA_76ERS,69,2,755,124,209,0.593,1,6,0.167,38,51,0.745,112,150,27,46,51,45,123,287,4.2
466,Naz Reid,[<Position.CENTER: 'CENTER'>],23,Team.MINNESOTA_TIMBERWOLVES,68,11,1251,310,577,0.537,75,217,0.346,86,127,0.677,73,260,77,42,53,92,176,781,11.5
467,Jared Rhoden,[<Position.SHOOTING_GUARD: 'SHOOTING GUARD'>],23,Team.DETROIT_PISTONS,14,0,198,17,44,0.386,5,20,0.25,6,6,1.0,11,26,4,4,1,3,23,45,3.2
468,Nick Richards,[<Position.CENTER: 'CENTER'>],25,Team.CHARLOTTE_HORNETS,65,9,1217,197,313,0.629,1,1,1.0,137,183,0.749,147,269,38,11,71,59,154,532,8.2
469,Josh Richardson,[<Position.SHOOTING_GUARD: 'SHOOTING GUARD'>],29,Team.SAN_ANTONIO_SPURS,42,6,997,177,406,0.436,74,207,0.357,53,60,0.883,30,89,137,40,11,63,70,481,11.5
470,Josh Richardson,[<Position.SHOOTING_GUARD: 'SHOOTING GUARD'>],29,Team.NEW_ORLEANS_PELICANS,23,4,533,62,148,0.419,33,86,0.384,16,21,0.762,11,45,37,29,9,23,47,173,7.5
471,Austin Rivers,[<Position.SHOOTING_GUARD: 'SHOOTING GUARD'>],30,Team.MINNESOTA_TIMBERWOLVES,52,10,1016,91,209,0.435,43,123,0.35,30,39,0.769,5,78,75,28,4,23,80,255,4.9
472,Duncan Robinson,[<Position.SMALL_FORWARD: 'SMALL FORWARD'>],28,Team.MIAMI_HEAT,42,1,691,88,237,0.371,63,192,0.328,29,32,0.906,8,61,46,14,0,28,77,268,6.4
473,Mitchell Robinson,[<Position.CENTER: 'CENTER'>],24,Team.NEW_YORK_KNICKS,59,58,1591,188,280,0.671,0,0,,59,122,0.484,267,288,53,56,109,41,160,435,7.4
474,Orlando Robinson,[<Position.CENTER: 'CENTER'>],22,Team.MIAMI_HEAT,31,1,425,47,89,0.528,0,6,0.0,22,31,0.71,48,78,25,12,12,16,53,116,3.7
475,Jeremiah Robinson-Earl,[<Position.POWER_FORWARD: 'POWER FORWARD'>],22,Team.OKLAHOMA_CITY_THUNDER,43,20,814,110,248,0.444,37,111,0.333,35,42,0.833,71,109,43,24,11,19,71,292,6.8
476,Isaiah Roby,[<Position.POWER_FORWARD: 'POWER FORWARD'>],24,Team.SAN_ANTONIO_SPURS,42,2,474,67,155,0.432,18,60,0.3,20,41,0.488,21,86,38,18,7,31,53,172,4.1
477,David Roddy,[<Position.POWER_FORWARD: 'POWER FORWARD'>],21,Team.MEMPHIS_GRIZZLIES,70,4,1258,180,420,0.429,65,212,0.307,41,65,0.631,50,143,59,29,19,57,107,466,6.7
478,Ryan Rollins,[<Position.POINT_GUARD: 'POINT GUARD'>],20,Team.GOLDEN_STATE_WARRIORS,12,0,62,7,20,0.35,3,9,0.333,6,6,1.0,3,9,6,1,1,16,10,23,1.9
479,Derrick Rose,[<Position.POINT_GUARD: 'POINT GUARD'>],34,Team.NEW_YORK_KNICKS,27,0,338,61,159,0.384,19,63,0.302,11,12,0.917,8,32,46,7,5,22,18,152,5.6
480,Terrence Ross,[<Position.SHOOTING_GUARD: 'SHOOTING GUARD'>],31,Team.ORLANDO_MAGIC,42,9,944,129,299,0.431,61,160,0.381,15,20,0.75,10,75,54,25,8,37,53,334,8.0
481,Terrence Ross,[<Position.SHOOTING_GUARD: 'SHOOTING GUARD'>],31,Team.PHOENIX_SUNS,21,0,386,71,166,0.428,34,98,0.347,12,14,0.857,12,57,41,10,2,6,44,188,9.0
482,Terry Rozier,[<Position.SHOOTING_GUARD: 'SHOOTING GUARD'>],28,Team.CHARLOTTE_HORNETS,63,63,2221,493,1188,0.415,165,505,0.327,178,220,0.809,51,208,319,74,16,134,119,1329,21.1
483,Ricky Rubio,[<Position.POINT_GUARD: 'POINT GUARD'>],32,Team.CLEVELAND_CAVALIERS,33,2,566,61,178,0.343,21,82,0.256,28,35,0.8,9,61,115,26,6,31,51,171,5.2
484,D'Angelo Russell,[<Position.POINT_GUARD: 'POINT GUARD'>],26,Team.MINNESOTA_TIMBERWOLVES,54,54,1778,338,727,0.465,148,379,0.391,143,167,0.856,28,137,334,60,21,147,117,967,17.9
485,D'Angelo Russell,[<Position.POINT_GUARD: 'POINT GUARD'>],26,Team.LOS_ANGELES_LAKERS,17,17,526,107,221,0.484,46,111,0.414,36,49,0.735,7,43,103,10,8,39,23,296,17.4
486,Matt Ryan,[<Position.SMALL_FORWARD: 'SMALL FORWARD'>],25,Team.LOS_ANGELES_LAKERS,12,0,129,15,49,0.306,13,35,0.371,4,5,0.8,2,12,4,2,0,3,14,47,3.9
487,Matt Ryan,[<Position.SMALL_FORWARD: 'SMALL FORWARD'>],25,Team.MINNESOTA_TIMBERWOLVES,22,0,181,25,59,0.424,19,49,0.388,6,7,0.857,2,10,12,3,1,4,13,75,3.4
488,Domantas Sabonis,[<Position.CENTER: 'CENTER'>],26,Team.SACRAMENTO_KINGS,79,79,2736,577,938,0.615,31,83,0.373,325,438,0.742,251,722,573,65,39,230,279,1510,19.1
489,Luka Šamanić,[<Position.POWER_FORWARD: 'POWER FORWARD'>],23,Team.UTAH_JAZZ,7,4,161,26,57,0.456,8,31,0.258,9,13,0.692,0,30,15,6,2,10,17,69,9.9
490,Dario Šarić,[<Position.POWER_FORWARD: 'POWER FORWARD'>],28,Team.PHOENIX_SUNS,37,12,533,76,178,0.427,27,69,0.391,36,44,0.818,39,103,57,13,5,36,69,215,5.8
491,Dario Šarić,[<Position.CENTER: 'CENTER'>],28,Team.OKLAHOMA_CITY_THUNDER,20,0,273,51,99,0.515,18,46,0.391,27,32,0.844,14,51,17,7,2,19,30,147,7.4
492,Olivier Sarr,[<Position.CENTER: 'CENTER'>],23,Team.OKLAHOMA_CITY_THUNDER,9,1,114,15,30,0.5,1,8,0.125,5,7,0.714,12,19,4,1,5,4,17,36,4.0
493,Jordan Schakel,[<Position.SMALL_FORWARD: 'SMALL FORWARD'>],24,Team.WASHINGTON_WIZARDS,2,0,6,1,2,0.5,1,1,1.0,0,0,,0,0,1,1,0,0,1,3,1.5
494,Admiral Schofield,[<Position.POWER_FORWARD: 'POWER FORWARD'>],25,Team.ORLANDO_MAGIC,37,0,451,55,122,0.451,24,74,0.324,21,23,0.913,23,39,31,8,5,16,61,155,4.2
495,Dennis Schröder,[<Position.POINT_GUARD: 'POINT GUARD'>],29,Team.LOS_ANGELES_LAKERS,66,50,1986,270,650,0.415,74,225,0.329,216,252,0.857,21,144,298,50,10,112,145,830,12.6
496,Jay Scrubb,[<Position.SHOOTING_GUARD: 'SHOOTING GUARD'>],22,Team.ORLANDO_MAGIC,2,0,30,5,7,0.714,2,2,1.0,1,2,0.5,0,6,1,2,0,3,2,13,6.5
497,Dereon Seabron,[<Position.SHOOTING_GUARD: 'SHOOTING GUARD'>],22,Team.NEW_ORLEANS_PELICANS,5,0,12,2,5,0.4,0,0,,0,0,,1,0,0,0,0,0,1,4,0.8
498,Alperen Şengün,[<Position.CENTER: 'CENTER'>],20,Team.HOUSTON_ROCKETS,75,72,2171,442,799,0.553,19,57,0.333,206,288,0.715,242,436,291,70,70,193,258,1109,14.8
499,Collin Sexton,[<Position.POINT_GUARD: 'POINT GUARD'>],24,Team.UTAH_JAZZ,48,15,1145,237,468,0.506,48,122,0.393,163,199,0.819,37,68,138,27,6,85,112,685,14.3
500,Landry Shamet,[<Position.SHOOTING_GUARD: 'SHOOTING GUARD'>],25,Team.PHOENIX_SUNS,40,9,807,113,300,0.377,75,199,0.377,45,51,0.882,11,56,93,26,5,36,61,346,8.6
501,Day'Ron Sharpe,[<Position.CENTER: 'CENTER'>],21,Team.BROOKLYN_NETS,48,3,552,93,171,0.544,6,11,0.545,35,55,0.636,99,101,37,15,32,42,89,227,4.7
502,Shaedon Sharpe,[<Position.SHOOTING_GUARD: 'SHOOTING GUARD'>],19,Team.PORTLAND_TRAIL_BLAZERS,80,15,1779,306,648,0.472,102,283,0.36,75,105,0.714,63,173,94,38,24,83,136,789,9.9
503,Pascal Siakam,[<Position.POWER_FORWARD: 'POWER FORWARD'>],28,Team.TORONTO_RAPTORS,71,71,2652,630,1313,0.48,93,287,0.324,367,474,0.774,131,425,415,65,36,169,228,1720,24.2
504,Chris Silva,[<Position.POWER_FORWARD: 'POWER FORWARD'>],26,Team.DALLAS_MAVERICKS,1,0,3,1,1,1.0,0,0,,0,0,,0,0,0,0,0,1,2,2,2.0
505,Ben Simmons,[<Position.POINT_GUARD: 'POINT GUARD'>],26,Team.BROOKLYN_NETS,42,33,1105,133,235,0.566,0,2,0.0,25,57,0.439,40,223,256,54,24,97,139,291,6.9
506,Kobi Simmons,[<Position.SHOOTING_GUARD: 'SHOOTING GUARD'>],25,Team.CHARLOTTE_HORNETS,5,0,28,1,6,0.167,1,5,0.2,2,2,1.0,1,3,5,0,2,1,0,5,1.0
507,Marko Simonovic,[<Position.CENTER: 'CENTER'>],23,Team.CHICAGO_BULLS,7,0,20,2,7,0.286,1,4,0.25,1,2,0.5,1,1,0,0,0,0,5,6,0.9
508,Anfernee Simons,[<Position.SHOOTING_GUARD: 'SHOOTING GUARD'>],23,Team.PORTLAND_TRAIL_BLAZERS,62,62,2171,467,1045,0.447,212,562,0.377,160,179,0.894,18,143,253,42,14,128,142,1306,21.1
509,Jericho Sims,[<Position.CENTER: 'CENTER'>],24,Team.NEW_YORK_KNICKS,52,16,812,83,107,0.776,0,1,0.0,12,16,0.75,99,143,25,15,28,27,96,178,3.4
510,Marcus Smart,[<Position.POINT_GUARD: 'POINT GUARD'>],28,Team.BOSTON_CELTICS,61,61,1957,250,602,0.415,115,342,0.336,88,118,0.746,46,145,382,93,23,143,172,703,11.5
511,Dennis Smith Jr.,[<Position.POINT_GUARD: 'POINT GUARD'>],25,Team.CHARLOTTE_HORNETS,54,15,1390,186,452,0.412,24,111,0.216,78,106,0.736,27,140,261,75,25,82,122,474,8.8
512,Dru Smith,[<Position.SHOOTING_GUARD: 'SHOOTING GUARD'>],25,Team.MIAMI_HEAT,5,1,67,5,14,0.357,1,6,0.167,0,0,,1,8,5,4,3,1,10,11,2.2
513,Dru Smith,[<Position.SHOOTING_GUARD: 'SHOOTING GUARD'>],25,Team.BROOKLYN_NETS,10,0,91,13,31,0.419,4,13,0.308,3,3,1.0,1,14,17,6,1,2,13,33,3.3
514,Ish Smith,[<Position.POINT_GUARD: 'POINT GUARD'>],34,Team.DENVER_NUGGETS,43,0,398,52,131,0.397,2,12,0.167,2,4,0.5,5,49,100,8,7,44,33,108,2.5
515,Jabari Smith Jr.,[<Position.POWER_FORWARD: 'POWER FORWARD'>],19,Team.HOUSTON_ROCKETS,79,79,2451,364,892,0.408,120,391,0.307,162,206,0.786,122,447,101,43,74,104,227,1010,12.8
516,Jalen Smith,[<Position.CENTER: 'CENTER'>],22,Team.INDIANA_PACERS,68,31,1279,242,508,0.476,54,191,0.283,104,137,0.759,129,265,66,21,60,72,153,642,9.4
517,Xavier Sneed,[<Position.SMALL_FORWARD: 'SMALL FORWARD'>],25,Team.CHARLOTTE_HORNETS,4,0,48,5,10,0.5,3,6,0.5,4,4,1.0,0,5,5,0,1,3,7,17,4.2
518,Jeremy Sochan,[<Position.POWER_FORWARD: 'POWER FORWARD'>],19,Team.SAN_ANTONIO_SPURS,56,53,1458,250,552,0.453,33,134,0.246,81,116,0.698,95,200,142,43,23,97,138,614,11.0
519,Jaden Springer,[<Position.SHOOTING_GUARD: 'SHOOTING GUARD'>],20,Team.PHILADELPHIA_76ERS,16,2,89,17,35,0.486,2,5,0.4,6,8,0.75,6,8,8,7,3,3,15,42,2.6
520,Lamar Stevens,[<Position.SMALL_FORWARD: 'SMALL FORWARD'>],25,Team.CLEVELAND_CAVALIERS,62,25,1120,129,288,0.448,30,95,0.316,40,57,0.702,48,159,33,27,19,27,79,328,5.3
521,Isaiah Stewart,[<Position.CENTER: 'CENTER'>],21,Team.DETROIT_PISTONS,50,47,1414,195,441,0.442,67,205,0.327,110,149,0.738,115,288,70,20,34,68,133,567,11.3
522,Max Strus,[<Position.SMALL_FORWARD: 'SMALL FORWARD'>],26,Team.MIAMI_HEAT,80,33,2272,324,790,0.41,197,563,0.35,78,89,0.876,49,209,171,42,12,70,166,923,11.5
523,Jalen Suggs,[<Position.SHOOTING_GUARD: 'SHOOTING GUARD'>],21,Team.ORLANDO_MAGIC,53,19,1246,186,444,0.419,66,202,0.327,86,119,0.723,55,106,155,67,27,94,120,524,9.9
524,Edmond Sumner,[<Position.SHOOTING_GUARD: 'SHOOTING GUARD'>],27,Team.BROOKLYN_NETS,53,12,736,124,269,0.461,31,87,0.356,99,108,0.917,13,66,68,31,10,50,83,378,7.1
525,Cole Swider,[<Position.SMALL_FORWARD: 'SMALL FORWARD'>],23,Team.LOS_ANGELES_LAKERS,7,0,41,3,9,0.333,3,8,0.375,0,0,,1,6,4,0,0,0,3,9,1.3
526,Jae'Sean Tate,[<Position.SMALL_FORWARD: 'SMALL FORWARD'>],27,Team.HOUSTON_ROCKETS,31,7,677,110,229,0.48,13,46,0.283,50,69,0.725,41,77,84,21,7,47,106,283,9.1
527,Jayson Tatum,[<Position.SMALL_FORWARD: 'SMALL FORWARD'>],24,Team.BOSTON_CELTICS,74,74,2732,727,1559,0.466,240,686,0.35,531,622,0.854,78,571,342,78,51,213,160,2225,30.1
528,Terry Taylor,[<Position.POWER_FORWARD: 'POWER FORWARD'>],23,Team.INDIANA_PACERS,26,2,228,30,65,0.462,4,18,0.222,5,7,0.714,22,17,10,3,5,9,24,69,2.7
529,Terry Taylor,[<Position.POWER_FORWARD: 'POWER FORWARD'>],23,Team.CHICAGO_BULLS,5,0,36,9,10,0.9,1,1,1.0,1,4,0.25,5,3,0,0,1,0,2,20,4.0
530,Garrett Temple,[<Position.SHOOTING_GUARD: 'SHOOTING GUARD'>],36,Team.NEW_ORLEANS_PELICANS,25,0,162,18,45,0.4,11,26,0.423,3,4,0.75,5,12,13,9,2,4,15,50,2.0
531,Dalen Terry,[<Position.SHOOTING_GUARD: 'SHOOTING GUARD'>],20,Team.CHICAGO_BULLS,38,0,214,32,72,0.444,7,27,0.259,14,21,0.667,12,25,22,11,5,8,24,85,2.2
532,Daniel Theis,[<Position.CENTER: 'CENTER'>],30,Team.INDIANA_PACERS,7,1,109,21,44,0.477,2,11,0.182,5,12,0.417,7,15,9,2,6,3,7,49,7.0
533,Cam Thomas,[<Position.SHOOTING_GUARD: 'SHOOTING GUARD'>],21,Team.BROOKLYN_NETS,57,4,948,201,456,0.441,51,133,0.383,151,174,0.868,8,87,78,20,7,63,55,604,10.6
534,Klay Thompson,[<Position.SMALL_FORWARD: 'SMALL FORWARD'>],32,Team.GOLDEN_STATE_WARRIORS,69,69,2279,546,1252,0.436,301,731,0.412,116,132,0.879,39,247,163,49,29,123,130,1509,21.9
535,JT Thor,[<Position.POWER_FORWARD: 'POWER FORWARD'>],20,Team.CHARLOTTE_HORNETS,69,8,969,95,238,0.399,39,123,0.317,33,47,0.702,36,116,36,22,23,44,66,262,3.8
536,Matisse Thybulle,[<Position.SMALL_FORWARD: 'SMALL FORWARD'>],25,Team.PHILADELPHIA_76ERS,49,6,591,50,116,0.431,21,63,0.333,9,12,0.75,20,43,23,45,14,8,65,130,2.7
537,Matisse Thybulle,[<Position.SHOOTING_GUARD: 'SHOOTING GUARD'>],25,Team.PORTLAND_TRAIL_BLAZERS,22,22,609,60,137,0.438,33,85,0.388,10,16,0.625,20,57,30,38,18,16,48,163,7.4
538,Xavier Tillman Sr.,[<Position.CENTER: 'CENTER'>],24,Team.MEMPHIS_GRIZZLIES,61,29,1180,188,306,0.614,4,15,0.267,49,89,0.551,121,186,96,58,29,44,97,429,7.0
539,Isaiah Todd,[<Position.POWER_FORWARD: 'POWER FORWARD'>],21,Team.WASHINGTON_WIZARDS,6,1,61,3,19,0.158,1,10,0.1,2,2,1.0,2,10,4,1,0,2,4,9,1.5
540,Obi Toppin,[<Position.POWER_FORWARD: 'POWER FORWARD'>],24,Team.NEW_YORK_KNICKS,67,5,1050,187,419,0.446,85,247,0.344,38,47,0.809,29,158,66,23,12,38,68,497,7.4
541,Juan Toscano-Anderson,[<Position.SMALL_FORWARD: 'SMALL FORWARD'>],29,Team.LOS_ANGELES_LAKERS,30,7,365,33,66,0.5,4,20,0.2,11,15,0.733,14,47,25,10,7,17,46,81,2.7
542,Juan Toscano-Anderson,[<Position.SMALL_FORWARD: 'SMALL FORWARD'>],29,Team.UTAH_JAZZ,22,2,335,31,77,0.403,4,23,0.174,8,9,0.889,14,49,40,6,3,17,34,74,3.4
543,Karl-Anthony Towns,[<Position.POWER_FORWARD: 'POWER FORWARD'>],27,Team.MINNESOTA_TIMBERWOLVES,29,29,957,212,428,0.495,60,164,0.366,118,135,0.874,48,188,140,20,17,86,111,602,20.8
544,Gary Trent Jr.,[<Position.SHOOTING_GUARD: 'SHOOTING GUARD'>],24,Team.TORONTO_RAPTORS,66,44,2118,405,935,0.433,166,450,0.369,172,205,0.839,30,143,106,104,14,55,102,1148,17.4
545,P.J. Tucker,[<Position.POWER_FORWARD: 'POWER FORWARD'>],37,Team.PHILADELPHIA_76ERS,75,75,1920,96,225,0.427,55,140,0.393,19,23,0.826,95,200,60,39,15,44,180,266,3.5
546,Myles Turner,[<Position.CENTER: 'CENTER'>],26,Team.INDIANA_PACERS,62,62,1825,402,733,0.548,93,249,0.373,216,276,0.783,88,378,89,36,140,103,215,1113,18.0
547,Stanley Umude,[<Position.SHOOTING_GUARD: 'SHOOTING GUARD'>],23,Team.DETROIT_PISTONS,1,0,2,0,1,0.0,0,1,0.0,2,2,1.0,0,0,0,1,1,0,0,2,2.0
548,Jonas Valančiūnas,[<Position.CENTER: 'CENTER'>],30,Team.NEW_ORLEANS_PELICANS,79,79,1968,446,816,0.547,38,109,0.349,185,224,0.826,225,579,140,20,52,159,245,1115,14.1
549,Jarred Vanderbilt,[<Position.POWER_FORWARD: 'POWER FORWARD'>],23,Team.UTAH_JAZZ,52,41,1254,173,311,0.556,19,57,0.333,67,102,0.657,121,288,142,53,15,68,133,432,8.3
550,Jarred Vanderbilt,[<Position.POWER_FORWARD: 'POWER FORWARD'>],23,Team.LOS_ANGELES_LAKERS,26,24,625,74,140,0.529,10,33,0.303,29,37,0.784,49,124,42,30,6,29,57,187,7.2
551,Fred VanVleet,[<Position.POINT_GUARD: 'POINT GUARD'>],28,Team.TORONTO_RAPTORS,69,69,2535,437,1112,0.393,207,606,0.342,254,283,0.898,30,250,495,123,38,140,193,1335,19.3
552,Devin Vassell,[<Position.SHOOTING_GUARD: 'SHOOTING GUARD'>],22,Team.SAN_ANTONIO_SPURS,38,32,1178,261,595,0.439,103,266,0.387,78,100,0.78,8,140,136,43,17,57,57,703,18.5
553,Gabe Vincent,[<Position.POINT_GUARD: 'POINT GUARD'>],26,Team.MIAMI_HEAT,68,34,1759,228,567,0.402,117,350,0.334,68,78,0.872,27,118,167,62,5,92,154,641,9.4
554,Noah Vonleh,[<Position.CENTER: 'CENTER'>],27,Team.BOSTON_CELTICS,23,1,171,11,24,0.458,1,4,0.25,2,2,1.0,18,30,7,2,8,11,35,25,1.1
555,Nikola Vučević,[<Position.CENTER: 'CENTER'>],32,Team.CHICAGO_BULLS,82,82,2746,597,1148,0.52,121,347,0.349,132,158,0.835,159,744,265,60,57,139,179,1447,17.6
556,Dean Wade,[<Position.POWER_FORWARD: 'POWER FORWARD'>],26,Team.CLEVELAND_CAVALIERS,44,13,891,73,177,0.412,45,127,0.354,15,23,0.652,20,130,37,28,21,17,89,206,4.7
557,Franz Wagner,[<Position.SMALL_FORWARD: 'SMALL FORWARD'>],21,Team.ORLANDO_MAGIC,80,80,2609,542,1118,0.485,130,360,0.361,271,322,0.842,70,259,283,77,17,167,183,1485,18.6
558,Moritz Wagner,[<Position.CENTER: 'CENTER'>],25,Team.ORLANDO_MAGIC,57,18,1109,198,396,0.5,51,163,0.313,153,182,0.841,69,190,84,37,13,68,136,600,10.5
559,Ish Wainright,[<Position.SMALL_FORWARD: 'SMALL FORWARD'>],28,Team.PHOENIX_SUNS,60,2,915,84,227,0.37,57,173,0.329,26,31,0.839,45,94,53,38,22,22,117,251,4.2
560,Jabari Walker,[<Position.SMALL_FORWARD: 'SMALL FORWARD'>],20,Team.PORTLAND_TRAIL_BLAZERS,56,0,619,83,198,0.419,16,56,0.286,34,45,0.756,48,83,34,10,13,29,69,216,3.9
561,Kemba Walker,[<Position.POINT_GUARD: 'POINT GUARD'>],32,Team.DALLAS_MAVERICKS,9,1,144,24,57,0.421,7,28,0.25,17,21,0.81,3,13,19,2,2,4,11,72,8.0
562,Lonnie Walker IV,[<Position.SHOOTING_GUARD: 'SHOOTING GUARD'>],24,Team.LOS_ANGELES_LAKERS,56,32,1297,236,527,0.448,91,249,0.365,91,106,0.858,14,95,64,30,17,46,71,654,11.7
563,John Wall,[<Position.POINT_GUARD: 'POINT GUARD'>],32,Team.LOS_ANGELES_CLIPPERS,34,3,755,138,338,0.408,33,109,0.303,77,113,0.681,14,78,178,27,12,80,59,386,11.4
564,T.J. Warren,[<Position.POWER_FORWARD: 'POWER FORWARD'>],29,Team.BROOKLYN_NETS,26,0,490,102,200,0.51,16,48,0.333,27,33,0.818,13,59,29,15,7,17,45,247,9.5
565,T.J. Warren,[<Position.SMALL_FORWARD: 'SMALL FORWARD'>],29,Team.PHOENIX_SUNS,16,0,197,30,70,0.429,6,19,0.316,1,2,0.5,13,36,11,7,5,3,20,67,4.2
566,Duane Washington Jr.,[<Position.SHOOTING_GUARD: 'SHOOTING GUARD'>],22,Team.PHOENIX_SUNS,31,3,394,94,256,0.367,40,111,0.36,16,24,0.667,2,34,63,6,4,34,23,244,7.9
567,P.J. Washington,[<Position.POWER_FORWARD: 'POWER FORWARD'>],24,Team.CHARLOTTE_HORNETS,73,73,2380,434,978,0.444,149,428,0.348,127,174,0.73,73,285,175,66,79,110,193,1144,15.7
568,TyTy Washington Jr.,[<Position.POINT_GUARD: 'POINT GUARD'>],21,Team.HOUSTON_ROCKETS,31,2,433,58,160,0.362,19,80,0.238,10,18,0.556,2,43,47,15,2,14,29,145,4.7
569,Yuta Watanabe,[<Position.SMALL_FORWARD: 'SMALL FORWARD'>],28,Team.BROOKLYN_NETS,58,1,928,114,232,0.491,60,135,0.444,34,47,0.723,30,111,48,25,17,22,80,322,5.6
570,Lindy Waters III,[<Position.SHOOTING_GUARD: 'SHOOTING GUARD'>],25,Team.OKLAHOMA_CITY_THUNDER,41,0,531,70,178,0.393,58,162,0.358,16,20,0.8,16,59,28,14,11,10,42,214,5.2
571,Trendon Watford,[<Position.POWER_FORWARD: 'POWER FORWARD'>],22,Team.PORTLAND_TRAIL_BLAZERS,62,12,1182,181,323,0.56,25,64,0.391,72,100,0.72,42,196,130,32,12,71,118,459,7.4
572,Peyton Watson,[<Position.SHOOTING_GUARD: 'SHOOTING GUARD'>],20,Team.DENVER_NUGGETS,23,2,186,29,59,0.492,6,14,0.429,11,20,0.55,8,29,11,2,11,8,14,75,3.3
573,Blake Wesley,[<Position.SHOOTING_GUARD: 'SHOOTING GUARD'>],19,Team.SAN_ANTONIO_SPURS,37,1,669,69,215,0.321,20,52,0.385,26,44,0.591,11,70,99,25,5,65,67,184,5.0
574,Russell Westbrook,[<Position.POINT_GUARD: 'POINT GUARD'>],34,Team.LOS_ANGELES_LAKERS,52,3,1491,304,729,0.417,63,213,0.296,156,238,0.655,59,262,391,53,23,184,121,827,15.9
575,Russell Westbrook,[<Position.POINT_GUARD: 'POINT GUARD'>],34,Team.LOS_ANGELES_CLIPPERS,21,21,635,128,262,0.489,26,73,0.356,50,76,0.658,30,72,160,23,10,71,41,332,15.8
576,Coby White,[<Position.SHOOTING_GUARD: 'SHOOTING GUARD'>],22,Team.CHICAGO_BULLS,74,2,1730,263,594,0.443,128,344,0.372,61,70,0.871,16,196,204,54,6,74,122,715,9.7
577,Derrick White,[<Position.SHOOTING_GUARD: 'SHOOTING GUARD'>],28,Team.BOSTON_CELTICS,82,70,2319,350,758,0.462,149,391,0.381,168,192,0.875,52,241,321,54,76,95,177,1017,12.4
578,Jack White,[<Position.SMALL_FORWARD: 'SMALL FORWARD'>],25,Team.DENVER_NUGGETS,17,0,66,8,19,0.421,3,9,0.333,2,3,0.667,6,11,4,3,2,2,9,21,1.2
579,Joe Wieskamp,[<Position.SMALL_FORWARD: 'SMALL FORWARD'>],23,Team.TORONTO_RAPTORS,9,0,50,3,14,0.214,3,12,0.25,0,0,,0,4,3,0,0,1,3,9,1.0
580,Aaron Wiggins,[<Position.SHOOTING_GUARD: 'SHOOTING GUARD'>],24,Team.OKLAHOMA_CITY_THUNDER,70,14,1297,186,363,0.512,48,122,0.393,59,71,0.831,68,142,80,39,15,55,110,479,6.8
581,Andrew Wiggins,[<Position.SMALL_FORWARD: 'SMALL FORWARD'>],27,Team.GOLDEN_STATE_WARRIORS,37,37,1190,250,529,0.473,89,225,0.396,44,72,0.611,61,125,85,45,28,48,107,633,17.1
582,Lindell Wigginton,[<Position.POINT_GUARD: 'POINT GUARD'>],24,Team.MILWAUKEE_BUCKS,7,1,87,18,37,0.486,6,18,0.333,8,9,0.889,0,7,14,0,2,12,7,50,7.1
583,Alondes Williams,[<Position.SHOOTING_GUARD: 'SHOOTING GUARD'>],23,Team.BROOKLYN_NETS,1,0,5,0,0,,0,0,,0,0,,0,1,0,0,0,2,1,0,0.0
584,Donovan Williams,[<Position.SHOOTING_GUARD: 'SHOOTING GUARD'>],21,Team.ATLANTA_HAWKS,2,0,4,2,5,0.4,0,2,0.0,0,0,,0,2,0,0,0,0,0,4,2.0
585,Grant Williams,[<Position.POWER_FORWARD: 'POWER FORWARD'>],24,Team.BOSTON_CELTICS,79,23,2045,216,476,0.454,115,291,0.395,94,122,0.77,87,276,131,41,31,82,192,641,8.1
586,Jalen Williams,[<Position.SHOOTING_GUARD: 'SHOOTING GUARD'>],21,Team.OKLAHOMA_CITY_THUNDER,75,62,2276,414,794,0.521,73,205,0.356,155,191,0.812,84,253,248,103,35,123,191,1056,14.1
587,Jaylin Williams,[<Position.CENTER: 'CENTER'>],20,Team.OKLAHOMA_CITY_THUNDER,49,36,914,102,234,0.436,46,113,0.407,38,54,0.704,44,197,76,28,12,37,111,288,5.9
588,Jeenathan Williams,[<Position.SHOOTING_GUARD: 'SHOOTING GUARD'>],23,Team.PORTLAND_TRAIL_BLAZERS,5,4,127,24,39,0.615,3,8,0.375,2,3,0.667,10,5,10,3,2,4,13,53,10.6
589,Kenrich Williams,[<Position.POWER_FORWARD: 'POWER FORWARD'>],28,Team.OKLAHOMA_CITY_THUNDER,53,10,1206,179,346,0.517,50,134,0.373,17,39,0.436,97,164,105,45,14,32,112,425,8.0
590,Mark Williams,[<Position.CENTER: 'CENTER'>],21,Team.CHARLOTTE_HORNETS,43,17,828,160,251,0.637,0,0,,67,97,0.691,93,211,18,28,45,40,94,387,9.0
591,Patrick Williams,[<Position.POWER_FORWARD: 'POWER FORWARD'>],21,Team.CHICAGO_BULLS,82,65,2323,314,677,0.464,115,277,0.415,90,105,0.857,78,249,100,72,70,101,147,833,10.2
592,Robert Williams,[<Position.CENTER: 'CENTER'>],25,Team.BOSTON_CELTICS,35,20,824,127,170,0.747,0,1,0.0,25,41,0.61,104,188,50,22,48,34,68,279,8.0
593,Vince Williams Jr.,[<Position.SHOOTING_GUARD: 'SHOOTING GUARD'>],22,Team.MEMPHIS_GRIZZLIES,15,1,105,12,40,0.3,4,28,0.143,2,2,1.0,4,11,4,6,2,5,12,30,2.0
594,Ziaire Williams,[<Position.SMALL_FORWARD: 'SMALL FORWARD'>],21,Team.MEMPHIS_GRIZZLIES,37,4,561,84,196,0.429,25,97,0.258,17,22,0.773,16,63,35,14,6,37,58,210,5.7
595,Zion Williamson,[<Position.POWER_FORWARD: 'POWER FORWARD'>],22,Team.NEW_ORLEANS_PELICANS,29,29,956,285,469,0.608,7,19,0.368,177,248,0.714,58,144,133,32,16,99,65,754,26.0
596,Dylan Windler,[<Position.SMALL_FORWARD: 'SMALL FORWARD'>],26,Team.CLEVELAND_CAVALIERS,3,0,10,2,3,0.667,1,2,0.5,0,0,,0,0,1,1,0,1,0,5,1.7
597,Justise Winslow,[<Position.POWER_FORWARD: 'POWER FORWARD'>],26,Team.PORTLAND_TRAIL_BLAZERS,29,11,776,81,198,0.409,14,45,0.311,20,28,0.714,49,96,98,30,11,43,89,196,6.8
598,James Wiseman,[<Position.CENTER: 'CENTER'>],21,Team.GOLDEN_STATE_WARRIORS,21,0,262,59,94,0.628,1,2,0.5,26,38,0.684,18,55,14,3,7,14,39,145,6.9
599,James Wiseman,[<Position.CENTER: 'CENTER'>],21,Team.DETROIT_PISTONS,24,22,605,130,245,0.531,3,18,0.167,42,59,0.712,55,139,16,4,20,37,69,305,12.7
600,Christian Wood,[<Position.CENTER: 'CENTER'>],27,Team.DALLAS_MAVERICKS,67,17,1738,396,769,0.515,105,279,0.376,217,281,0.772,87,404,121,30,72,121,169,1114,16.6
601,Delon Wright,[<Position.POINT_GUARD: 'POINT GUARD'>],30,Team.WASHINGTON_WIZARDS,50,14,1221,138,291,0.474,41,119,0.345,52,60,0.867,58,122,194,92,17,44,59,369,7.4
602,McKinley Wright IV,[<Position.POINT_GUARD: 'POINT GUARD'>],24,Team.DALLAS_MAVERICKS,27,1,335,46,98,0.469,9,28,0.321,13,19,0.684,9,38,58,8,5,19,24,114,4.2
603,Gabe York,[<Position.SHOOTING_GUARD: 'SHOOTING GUARD'>],29,Team.INDIANA_PACERS,3,0,56,8,21,0.381,6,18,0.333,2,2,1.0,0,6,5,2,0,0,5,24,8.0
604,Thaddeus Young,[<Position.POWER_FORWARD: 'POWER FORWARD'>],34,Team.TORONTO_RAPTORS,54,9,795,108,198,0.545,6,34,0.176,18,26,0.692,71,95,75,54,5,42,88,240,4.4
605,Trae Young,[<Position.POINT_GUARD: 'POINT GUARD'>],24,Team.ATLANTA_HAWKS,73,73,2541,597,1390,0.429,154,460,0.335,566,639,0.886,56,161,741,80,9,300,104,1914,26.2
606,Omer Yurtseven,[<Position.CENTER: 'CENTER'>],24,Team.MIAMI_HEAT,9,0,83,16,27,0.593,3,7,0.429,5,6,0.833,8,15,2,2,2,4,16,40,4.4
607,Cody Zeller,[<Position.CENTER: 'CENTER'>],30,Team.MIAMI_HEAT,15,2,217,37,59,0.627,0,2,0.0,24,35,0.686,25,39,10,3,4,14,33,98,6.5
608,Ivica Zubac,[<Position.CENTER: 'CENTER'>],25,Team.LOS_ANGELES_CLIPPERS,76,76,2170,326,514,0.634,0,2,0.0,166,238,0.697,236,520,77,29,98,117,219,818,10.8
